image,patient_id,relative_path,label,finding_labels,bbox_x,bbox_y,bbox_w,bbox_h,risk_flag
00000032_037.png,32,images_001/images/00000032_037.png,1,Cardiomegaly|Edema|Infiltration,339.166137566138,119.195767195767,172.292063492064,351.085714285714,mixed_low_risk
00000211_016.png,211,images_001/images/00000211_016.png,1,Cardiomegaly|Infiltration,237.307936507937,465.94708994709,230.806349206349,328.330158730159,mixed_low_risk
00000468_041.png,468,images_001/images/00000468_041.png,1,Infiltration,266.565079365079,454.027513227513,112.69417989418,72.6010582010582,pure
00001039_005.png,1039,images_001/images/00001039_005.png,1,Emphysema|Infiltration,588.393650793651,275.233862433862,210.217989417989,279.568253968254,mixed_low_risk
00001900_026.png,1900,images_002/images/00001900_026.png,1,Effusion|Infiltration,578.64126984127,444.275132275132,234.057142857143,291.487830687831,mixed_high_risk
00002224_007.png,2224,images_002/images/00002224_007.png,1,Infiltration,216.719576719577,334.831746031746,178.793650793651,295.822222222222,pure
00003149_007.png,3149,images_002/images/00003149_007.png,1,Effusion|Infiltration,542.88253968254,374.924867724868,235.140740740741,302.32380952381,mixed_high_risk
00003333_002.png,3333,images_002/images/00003333_002.png,1,Infiltration|Mass,517.959788359788,301.240211640212,328.330158730159,350.002116402116,mixed_low_risk
00003973_008.png,3973,images_003/images/00003973_008.png,1,Cardiomegaly|Consolidation|Infiltration,176.626455026455,546.133333333333,221.053968253968,197.214814814815,mixed_low_risk
00005066_030.png,5066,images_003/images/00005066_030.png,1,Cardiomegaly|Effusion|Infiltration,531.911111111111,499.806822916667,242.346666666667,163.84,mixed_high_risk
00006096_010.png,6096,images_003/images/00006096_010.png,1,Atelectasis|Infiltration|Nodule,127.86455026455,576.474074074074,304.491005291005,139.784126984127,mixed_high_risk
00006304_060.png,6304,images_003/images/00006304_060.png,1,Atelectasis|Infiltration,698.920634920635,334.831746031746,173.375661375661,254.645502645503,mixed_high_risk
00006836_002.png,6836,images_004/images/00006836_002.png,1,Atelectasis|Infiltration,298.666666666667,439.504600694444,488.106666666667,180.906666666667,mixed_high_risk
00007124_006.png,7124,images_004/images/00007124_006.png,1,Atelectasis|Effusion|Infiltration,580.808465608466,363.005291005291,317.49417989418,359.754497354497,mixed_high_risk
00008814_010.png,8814,images_004/images/00008814_010.png,1,Atelectasis|Effusion|Infiltration,205.368888888889,392.855711805556,643.982222222222,86.4711111111111,mixed_high_risk
00009431_004.png,9431,images_005/images/00009431_004.png,1,Atelectasis|Effusion|Infiltration|Mass,631.737566137566,386.844444444444,190.713227513228,421.519576719577,mixed_high_risk
00010092_018.png,10092,images_005/images/00010092_018.png,1,Atelectasis|Emphysema|Infiltration|Pneumothorax,611.555555555556,480.464600694444,106.951111111111,217.315555555556,mixed_high_risk
00010120_010.png,10120,images_005/images/00010120_010.png,1,Infiltration|Pneumonia,225.848888888889,370.10015625,686.08,400.497777777778,mixed_low_risk
00010230_001.png,10230,images_005/images/00010230_001.png,1,Infiltration,677.248677248677,663.161904761905,167.957671957672,140.867724867725,pure
00010277_000.png,10277,images_005/images/00010277_000.png,1,Infiltration|Mass|Nodule|Pleural_Thickening|Effusion|Pneumonia,633.173333333333,416.749045138889,271.928888888889,221.866666666667,mixed_high_risk
00010805_049.png,10805,images_005/images/00010805_049.png,1,Infiltration,298.666666666667,470.224600694444,324.266666666667,318.577777777778,pure
00010828_039.png,10828,images_005/images/00010828_039.png,1,Atelectasis|Consolidation|Effusion|Infiltration,666.168888888889,450.882378472222,250.311111111111,246.897777777778,mixed_high_risk
00011023_004.png,11023,images_005/images/00011023_004.png,1,Cardiomegaly|Infiltration,301.240211640212,415.017989417989,196.131216931217,248.143915343915,mixed_low_risk
00011124_000.png,11124,images_005/images/00011124_000.png,1,Infiltration,241.642328042328,482.201058201058,114.861375661376,126.780952380952,pure
00011237_094.png,11237,images_005/images/00011237_094.png,1,Effusion|Infiltration,587.310052910053,279.568253968254,153.870899470899,312.076190476191,mixed_high_risk
00011269_018.png,11269,images_005/images/00011269_018.png,1,Atelectasis|Effusion|Infiltration|Pneumothorax,578.64126984127,250.311111111111,217.803174603175,283.902645502645,mixed_high_risk
00011366_002.png,11366,images_005/images/00011366_002.png,1,Edema|Pneumonia|Infiltration,296.391111111111,389.442378472222,664.462222222222,632.604444444444,mixed_low_risk
00011925_072.png,11925,images_006/images/00011925_072.png,1,Atelectasis|Infiltration|Mass|Pleural_Thickening,272.497777777778,404.233489583333,186.595555555556,364.088888888889,mixed_high_risk
00012021_054.png,12021,images_006/images/00012021_054.png,1,Consolidation|Infiltration,584.059259259259,303.407407407407,224.304761904762,468.114285714286,mixed_low_risk
00012021_081.png,12021,images_006/images/00012021_081.png,1,Infiltration|Pneumonia,655.928888888889,442.917934027778,192.284444444444,197.973333333333,mixed_low_risk
00012364_045.png,12364,images_006/images/00012364_045.png,1,Infiltration,582.975661375661,449.693121693122,215.635978835979,356.503703703704,pure
00012376_010.png,12376,images_006/images/00012376_010.png,1,Effusion|Infiltration|Nodule|Mass|Pneumothorax,233.813333333333,392.855711805556,227.555555555556,256.0,mixed_high_risk
00012505_007.png,12505,images_006/images/00012505_007.png,1,Atelectasis|Effusion|Infiltration,340.249735449735,405.265608465608,187.462433862434,236.224338624339,mixed_high_risk
00013106_000.png,13106,images_006/images/00013106_000.png,1,Infiltration|Mass,637.155555555556,399.847619047619,236.224338624339,472.448677248677,mixed_low_risk
00013310_057.png,13310,images_006/images/00013310_057.png,1,Pneumothorax|Infiltration,116.622222222222,310.935711805556,720.213333333333,605.297777777778,mixed_low_risk
00013391_005.png,13391,images_006/images/00013391_005.png,1,Infiltration|Pneumonia,90.4533333333333,365.549045138889,303.786666666667,318.577777777778,mixed_low_risk
00013471_029.png,13471,images_006/images/00013471_029.png,1,Atelectasis|Infiltration,620.901587301587,294.738624338624,227.555555555556,367.339682539683,mixed_high_risk
00013670_151.png,13670,images_006/images/00013670_151.png,1,Cardiomegaly|Infiltration,262.257777777778,266.562378472222,679.253333333333,480.142222222222,mixed_low_risk
00013922_021.png,13922,images_007/images/00013922_021.png,1,Infiltration,580.808465608466,107.27619047619,256.812698412698,302.32380952381,pure
00013922_022.png,13922,images_007/images/00013922_022.png,1,Infiltration,559.136507936508,378.175661375661,234.057142857143,243.809523809524,pure
00013993_083.png,13993,images_007/images/00013993_083.png,1,Atelectasis|Effusion|Infiltration,595.978835978836,353.25291005291,252.478306878307,326.162962962963,mixed_high_risk
00014203_018.png,14203,images_007/images/00014203_018.png,1,Atelectasis|Infiltration,554.802116402116,245.97671957672,177.710052910053,206.967195767196,mixed_high_risk
00014251_029.png,14251,images_007/images/00014251_029.png,1,Infiltration,131.413333333333,214.224600694444,752.071111111111,549.546666666667,pure
00014617_003.png,14617,images_007/images/00014617_003.png,1,Infiltration,407.432804232804,483.284656084656,184.21164021164,174.459259259259,pure
00014738_000.png,14738,images_007/images/00014738_000.png,1,Effusion|Infiltration|Mass|Pleural_Thickening,239.475132275132,208.050793650794,249.227513227513,380.342857142857,mixed_high_risk
00015069_001.png,15069,images_007/images/00015069_001.png,1,Infiltration|Pneumonia,171.235555555556,186.917934027778,686.08,531.342222222222,mixed_low_risk
00015732_020.png,15732,images_007/images/00015732_020.png,1,Edema|Infiltration,664.245502645503,419.352380952381,198.298412698413,188.546031746032,mixed_low_risk
00015831_011.png,15831,images_007/images/00015831_011.png,1,Atelectasis|Infiltration,573.22328042328,579.724867724868,257.896296296296,277.401058201058,mixed_high_risk
00016094_007.png,16094,images_008/images/00016094_007.png,1,Fibrosis|Infiltration,178.793650793651,473.532275132275,121.362962962963,134.366137566138,mixed_low_risk
00016191_004.png,16191,images_008/images/00016191_004.png,1,Atelectasis|Infiltration,245.97671957672,551.551322751323,202.632804232804,164.706878306878,mixed_high_risk
00016417_008.png,16417,images_008/images/00016417_008.png,1,Effusion|Infiltration,197.214814814815,668.579894179894,254.645502645503,176.626455026455,mixed_high_risk
00016705_006.png,16705,images_008/images/00016705_006.png,1,Consolidation|Infiltration|Pneumonia,691.2,308.66015625,95.5733333333333,237.795555555556,mixed_low_risk
00016732_040.png,16732,images_008/images/00016732_040.png,1,Atelectasis|Cardiomegaly|Infiltration,208.050793650794,691.33544973545,158.205291005291,187.462433862434,mixed_high_risk
00016786_001.png,16786,images_008/images/00016786_001.png,1,Infiltration|Pneumonia,564.554497354497,199.382010582011,224.304761904762,490.869841269841,mixed_low_risk
00016786_009.png,16786,images_008/images/00016786_009.png,1,Consolidation|Infiltration,494.120634920635,475.699470899471,245.97671957672,265.481481481482,mixed_low_risk
00017083_002.png,17083,images_008/images/00017083_002.png,1,Effusion|Infiltration|Nodule|Pneumothorax,158.205291005291,345.667724867725,193.964021164021,223.221164021164,mixed_high_risk
00017138_037.png,17138,images_008/images/00017138_037.png,1,Infiltration|Effusion,193.964021164021,426.937566137566,221.053968253968,435.606349206349,mixed_high_risk
00017544_003.png,17544,images_008/images/00017544_003.png,1,Edema|Infiltration|Nodule,585.386666666667,178.953489583333,288.995555555556,584.817777777778,mixed_low_risk
00017714_009.png,17714,images_008/images/00017714_009.png,1,Infiltration,692.419047619048,582.975661375661,162.539682539683,165.790476190476,pure
00017972_032.png,17972,images_008/images/00017972_032.png,1,Infiltration|Pleural_Thickening|Pneumonia,186.378835978836,261.14708994709,250.311111111111,432.355555555556,mixed_low_risk
00017981_014.png,17981,images_008/images/00017981_014.png,1,Infiltration,254.645502645503,312.076190476191,195.047619047619,139.784126984127,pure
00018253_054.png,18253,images_008/images/00018253_054.png,1,Atelectasis|Effusion|Infiltration,260.063492063492,465.94708994709,199.382010582011,189.62962962963,mixed_high_risk
00018253_059.png,18253,images_008/images/00018253_059.png,1,Atelectasis|Effusion|Infiltration,182.613333333333,392.855711805556,202.524444444444,309.475555555556,mixed_high_risk
00018393_000.png,18393,images_009/images/00018393_000.png,1,Mass|Infiltration|Pneumonia,604.728888888889,469.086822916667,176.355555555556,197.973333333333,mixed_low_risk
00018721_010.png,18721,images_009/images/00018721_010.png,1,Infiltration,239.475132275132,540.715343915344,252.478306878307,203.716402116402,pure
00018921_038.png,18921,images_009/images/00018921_038.png,1,Infiltration|Pneumothorax,303.407407407407,282.819047619048,261.14708994709,350.002116402116,mixed_low_risk
00019018_007.png,19018,images_009/images/00019018_007.png,1,Cardiomegaly|Effusion|Nodule|Infiltration,186.026666666667,298.42015625,610.986666666667,466.488888888889,mixed_high_risk
00019150_002.png,19150,images_009/images/00019150_002.png,1,Infiltration|Pneumonia,647.991534391534,332.66455026455,244.893121693122,470.281481481482,mixed_low_risk
00019363_043.png,19363,images_009/images/00019363_043.png,1,Infiltration,476.783068783069,490.869841269841,240.55873015873,234.057142857143,pure
00019625_002.png,19625,images_009/images/00019625_002.png,1,Edema|Effusion|Infiltration,190.577777777778,312.073489583333,656.497777777778,409.6,mixed_high_risk
00019634_004.png,19634,images_009/images/00019634_004.png,1,Infiltration|Nodule,697.837037037037,624.152380952381,215.635978835979,258.979894179894,mixed_low_risk
00019646_006.png,19646,images_009/images/00019646_006.png,1,Atelectasis|Infiltration,592.728042328042,584.059259259259,257.896296296296,215.635978835979,mixed_high_risk
00019706_012.png,19706,images_009/images/00019706_012.png,1,Atelectasis|Effusion|Infiltration,210.217989417989,428.021164021164,205.883597883598,125.697354497355,mixed_high_risk
00019750_012.png,19750,images_009/images/00019750_012.png,1,Effusion|Infiltration,140.515555555556,151.646822916667,713.386666666667,435.768888888889,mixed_high_risk
00019750_029.png,19750,images_009/images/00019750_029.png,1,Atelectasis|Infiltration,673.997883597884,377.092063492064,198.298412698413,232.973544973545,mixed_high_risk
00019769_014.png,19769,images_009/images/00019769_014.png,1,Infiltration|Pneumonia,623.068783068783,402.014814814815,169.04126984127,193.964021164021,mixed_low_risk
00020113_030.png,20113,images_009/images/00020113_030.png,1,Atelectasis|Effusion|Infiltration,262.230687830688,395.513227513228,134.366137566138,127.86455026455,mixed_high_risk
00020184_013.png,20184,images_009/images/00020184_013.png,1,Effusion|Infiltration,154.954497354497,494.120634920635,231.889947089947,248.143915343915,mixed_high_risk
00020259_002.png,20259,images_009/images/00020259_002.png,1,Consolidation|Infiltration|Pneumonia,611.555555555556,535.077934027778,249.173333333333,199.111111111111,mixed_low_risk
00020405_041.png,20405,images_009/images/00020405_041.png,1,Effusion|Infiltration,589.477248677249,403.098412698413,260.063492063492,385.760846560847,mixed_high_risk
00020482_011.png,20482,images_009/images/00020482_011.png,1,Consolidation|Infiltration,500.622222222222,514.708994708995,193.964021164021,280.651851851852,mixed_low_risk
00020482_032.png,20482,images_009/images/00020482_032.png,1,Atelectasis|Consolidation|Effusion|Infiltration,469.333333333333,420.162378472222,228.693333333333,260.551111111111,mixed_high_risk
00021009_001.png,21009,images_010/images/00021009_001.png,1,Cardiomegaly|Effusion|Infiltration,154.168888888889,66.3134895833333,630.328888888889,552.96,mixed_high_risk
00021201_010.png,21201,images_010/images/00021201_010.png,1,Consolidation|Effusion|Infiltration|Mass,684.373333333333,147.095711805556,215.04,433.493333333333,mixed_high_risk
00021703_001.png,21703,images_010/images/00021703_001.png,1,Effusion|Infiltration|Atelectasis,113.208888888889,659.095711805556,158.151111111111,55.7511111111111,mixed_high_risk
00021710_003.png,21710,images_010/images/00021710_003.png,1,Infiltration,598.146031746032,633.904761904762,206.967195767196,182.044444444444,pure
00021840_016.png,21840,images_010/images/00021840_016.png,1,Effusion|Infiltration,160.995555555556,440.642378472222,268.515555555556,187.733333333333,mixed_high_risk
00021926_007.png,21926,images_010/images/00021926_007.png,1,Infiltration,323.995767195767,273.066666666667,151.703703703704,190.713227513228,pure
00022369_013.png,22369,images_010/images/00022369_013.png,1,Effusion|Infiltration,209.92,389.442378472222,584.817777777778,187.733333333333,mixed_high_risk
00022416_048.png,22416,images_010/images/00022416_048.png,1,Effusion|Infiltration,102.968888888889,222.189045138889,745.244444444444,365.226666666667,mixed_high_risk
00022470_006.png,22470,images_010/images/00022470_006.png,1,Infiltration|Nodule,192.853333333333,191.469045138889,738.417777777778,626.915555555556,mixed_low_risk
00022727_000.png,22727,images_010/images/00022727_000.png,1,Consolidation|Pleural_Thickening|Infiltration,206.506666666667,198.295711805556,682.666666666667,419.84,mixed_low_risk
00022899_014.png,22899,images_010/images/00022899_014.png,1,Effusion|Infiltration,87.7714285714286,619.817989417989,237.307936507937,389.01164021164,mixed_high_risk
00023026_008.png,23026,images_010/images/00023026_008.png,1,Infiltration|Mass|Pleural_Thickening|Pneumonia,182.613333333333,563.522378472222,704.284444444444,400.497777777778,mixed_low_risk
00025521_003.png,25521,images_011/images/00025521_003.png,1,Atelectasis|Effusion|Infiltration,590.560846560847,549.384126984127,241.642328042328,144.118518518519,mixed_high_risk
00025787_027.png,25787,images_011/images/00025787_027.png,1,Effusion|Infiltration|Pneumothorax,218.886772486773,290.404232804233,221.053968253968,450.77671957672,mixed_high_risk
00026098_003.png,26098,images_011/images/00026098_003.png,1,Effusion|Infiltration,150.620105820106,629.57037037037,226.471957671958,212.385185185185,mixed_high_risk
00026194_010.png,26194,images_011/images/00026194_010.png,1,Atelectasis|Infiltration,312.076190476191,107.27619047619,152.787301587302,149.536507936508,mixed_high_risk
00026538_012.png,26538,images_011/images/00026538_012.png,1,Infiltration,631.737566137566,417.185185185185,184.21164021164,196.131216931217,pure
00026538_034.png,26538,images_011/images/00026538_034.png,1,Effusion|Infiltration,501.70582010582,488.702645502646,186.378835978836,222.137566137566,mixed_high_risk
00026865_003.png,26865,images_011/images/00026865_003.png,1,Infiltration,623.068783068783,476.783068783069,193.964021164021,169.04126984127,pure
00026911_000.png,26911,images_011/images/00026911_000.png,1,Effusion|Infiltration|Mass,555.885714285714,235.140740740741,206.967195767196,313.159788359788,mixed_high_risk
00027113_002.png,27113,images_011/images/00027113_002.png,1,Infiltration|Mass|Nodule,620.901587301587,339.166137566138,248.143915343915,399.847619047619,mixed_low_risk
00027357_014.png,27357,images_011/images/00027357_014.png,1,Cardiomegaly|Effusion|Infiltration,652.325925925926,457.278306878307,136.533333333333,196.131216931217,mixed_high_risk
00027441_002.png,27441,images_011/images/00027441_002.png,1,Effusion|Infiltration|Nodule|Pneumothorax,209.134391534392,341.333333333333,185.295238095238,288.237037037037,mixed_high_risk
00027479_013.png,27479,images_011/images/00027479_013.png,1,Effusion|Infiltration|Nodule,239.502222222222,106.135711805556,683.804444444444,492.657777777778,mixed_high_risk
00027927_008.png,27927,images_011/images/00027927_008.png,1,Emphysema|Infiltration,229.262222222222,175.54015625,203.662222222222,213.902222222222,mixed_low_risk
00028208_005.png,28208,images_012/images/00028208_005.png,1,Infiltration|Pneumonia,272.497777777778,295.006822916667,697.457777777778,410.737777777778,mixed_low_risk
00028285_014.png,28285,images_012/images/00028285_014.png,1,Effusion|Infiltration|Nodule|Pneumonia,636.586666666667,396.269045138889,234.382222222222,360.675555555556,mixed_high_risk
00028383_002.png,28383,images_012/images/00028383_002.png,1,Effusion|Infiltration,164.408888888889,167.575711805556,256.0,533.617777777778,mixed_high_risk
00028518_012.png,28518,images_012/images/00028518_012.png,1,Edema|Effusion|Infiltration,219.022222222222,408.784600694444,555.235555555556,341.333333333333,mixed_high_risk
00028640_003.png,28640,images_012/images/00028640_003.png,1,Atelectasis|Infiltration,569.972486772487,516.87619047619,175.542857142857,164.706878306878,mixed_high_risk
00028640_008.png,28640,images_012/images/00028640_008.png,1,Cardiomegaly|Consolidation|Effusion|Infiltration,249.227513227513,413.934391534392,197.214814814815,212.385185185185,mixed_high_risk
00029039_020.png,29039,images_012/images/00029039_020.png,1,Pneumothorax|Infiltration,162.133333333333,117.513489583333,670.151111111111,555.235555555556,mixed_low_risk
00029404_004.png,29404,images_012/images/00029404_004.png,1,Effusion|Infiltration,553.718518518519,385.760846560847,212.385185185185,279.568253968254,mixed_high_risk
00029431_000.png,29431,images_012/images/00029431_000.png,1,Edema|Infiltration|Pneumonia,201.955555555556,390.58015625,224.142222222222,472.177777777778,mixed_low_risk
00029532_014.png,29532,images_012/images/00029532_014.png,1,Infiltration|Pleural_Thickening,301.240211640212,707.589417989418,263.314285714286,219.97037037037,mixed_low_risk
00029617_006.png,29617,images_012/images/00029617_006.png,1,Effusion|Infiltration|Pneumothorax,615.483597883598,591.644444444445,216.719576719577,166.874074074074,mixed_high_risk
00029861_013.png,29861,images_012/images/00029861_013.png,1,Edema|Infiltration|Pneumonia,193.991111111111,185.78015625,608.711111111111,501.76,mixed_low_risk
00030323_028.png,30323,images_012/images/00030323_028.png,1,Infiltration,664.245502645503,162.539682539683,255.729100529101,489.786243386243,pure
00030408_013.png,30408,images_012/images/00030408_013.png,1,Atelectasis|Effusion|Infiltration,144.118518518519,722.759788359788,219.97037037037,150.620105820106,mixed_high_risk
00030573_002.png,30573,images_012/images/00030573_002.png,1,Infiltration|Nodule,603.564021164021,336.998941798942,156.038095238095,183.128042328042,mixed_low_risk
00030636_004.png,30636,images_012/images/00030636_004.png,1,Atelectasis|Infiltration,612.693333333333,459.984600694444,224.142222222222,133.12,mixed_high_risk
