Image Index,Class,Architecture_Condition,Ground_Truth,Predicted,Localization,Energy_Inside_BBox_%,IoU_0.3
00000002_000.png,Normal,ResNet50 (Raw CXR),0,1,False Alarm,0.0,0.0
00000002_000.png,Normal,DenseNet121 (Raw CXR),0,1,False Alarm,0.0,0.0
00000002_000.png,Normal,ResNet50 (DAE+CLAHE),0,1,False Alarm,0.0,0.0
00000002_000.png,Normal,DenseNet121 (DAE+CLAHE),0,1,False Alarm,0.0,0.0
00000005_000.png,Normal,ResNet50 (Raw CXR),0,0,Clean Normal,0.0,0.0
00000005_000.png,Normal,DenseNet121 (Raw CXR),0,0,Clean Normal,0.0,0.0
00000005_000.png,Normal,ResNet50 (DAE+CLAHE),0,0,Clean Normal,0.0,0.0
00000005_000.png,Normal,DenseNet121 (DAE+CLAHE),0,0,Clean Normal,0.0,0.0
00000006_000.png,Normal,ResNet50 (Raw CXR),0,0,Clean Normal,0.0,0.0
00000006_000.png,Normal,DenseNet121 (Raw CXR),0,0,Clean Normal,0.0,0.0
00000006_000.png,Normal,ResNet50 (DAE+CLAHE),0,0,Clean Normal,0.0,0.0
00000006_000.png,Normal,DenseNet121 (DAE+CLAHE),0,0,Clean Normal,0.0,0.0
00000007_000.png,Normal,ResNet50 (Raw CXR),0,0,Clean Normal,0.0,0.0
00000007_000.png,Normal,DenseNet121 (Raw CXR),0,0,Clean Normal,0.0,0.0
00000007_000.png,Normal,ResNet50 (DAE+CLAHE),0,0,Clean Normal,0.0,0.0
00000007_000.png,Normal,DenseNet121 (DAE+CLAHE),0,0,Clean Normal,0.0,0.0
00000008_001.png,Normal,ResNet50 (Raw CXR),0,0,Clean Normal,0.0,0.0
00000008_001.png,Normal,DenseNet121 (Raw CXR),0,0,Clean Normal,0.0,0.0
00000008_001.png,Normal,ResNet50 (DAE+CLAHE),0,0,Clean Normal,0.0,0.0
00000008_001.png,Normal,DenseNet121 (DAE+CLAHE),0,0,Clean Normal,0.0,0.0
00000011_001.png,Normal,ResNet50 (Raw CXR),0,0,Clean Normal,0.0,0.0
00000011_001.png,Normal,DenseNet121 (Raw CXR),0,0,Clean Normal,0.0,0.0
00000011_001.png,Normal,ResNet50 (DAE+CLAHE),0,0,Clean Normal,0.0,0.0
00000011_001.png,Normal,DenseNet121 (DAE+CLAHE),0,0,Clean Normal,0.0,0.0
00000013_000.png,Normal,ResNet50 (Raw CXR),0,0,Clean Normal,0.0,0.0
00000013_000.png,Normal,DenseNet121 (Raw CXR),0,0,Clean Normal,0.0,0.0
00000013_000.png,Normal,ResNet50 (DAE+CLAHE),0,0,Clean Normal,0.0,0.0
00000013_000.png,Normal,DenseNet121 (DAE+CLAHE),0,0,Clean Normal,0.0,0.0
00000014_000.png,Normal,ResNet50 (Raw CXR),0,1,False Alarm,0.0,0.0
00000014_000.png,Normal,DenseNet121 (Raw CXR),0,0,Clean Normal,0.0,0.0
00000014_000.png,Normal,ResNet50 (DAE+CLAHE),0,0,False Alarm,0.0,0.0
00000014_000.png,Normal,DenseNet121 (DAE+CLAHE),0,0,Clean Normal,0.0,0.0
00000015_000.png,Normal,ResNet50 (Raw CXR),0,0,Clean Normal,0.0,0.0
00000015_000.png,Normal,DenseNet121 (Raw CXR),0,0,Clean Normal,0.0,0.0
00000015_000.png,Normal,ResNet50 (DAE+CLAHE),0,0,Clean Normal,0.0,0.0
00000015_000.png,Normal,DenseNet121 (DAE+CLAHE),0,0,Clean Normal,0.0,0.0
00000016_000.png,Normal,ResNet50 (Raw CXR),0,0,Clean Normal,0.0,0.0
00000016_000.png,Normal,DenseNet121 (Raw CXR),0,0,Clean Normal,0.0,0.0
00000016_000.png,Normal,ResNet50 (DAE+CLAHE),0,1,Clean Normal,0.0,0.0
00000016_000.png,Normal,DenseNet121 (DAE+CLAHE),0,0,Clean Normal,0.0,0.0
00000017_001.png,Normal,ResNet50 (Raw CXR),0,0,Clean Normal,0.0,0.0
00000017_001.png,Normal,DenseNet121 (Raw CXR),0,1,False Alarm,0.0,0.0
00000017_001.png,Normal,ResNet50 (DAE+CLAHE),0,0,Clean Normal,0.0,0.0
00000017_001.png,Normal,DenseNet121 (DAE+CLAHE),0,0,False Alarm,0.0,0.0
00000018_000.png,Normal,ResNet50 (Raw CXR),0,0,Clean Normal,0.0,0.0
00000018_000.png,Normal,DenseNet121 (Raw CXR),0,0,Clean Normal,0.0,0.0
00000018_000.png,Normal,ResNet50 (DAE+CLAHE),0,0,Clean Normal,0.0,0.0
00000018_000.png,Normal,DenseNet121 (DAE+CLAHE),0,0,Clean Normal,0.0,0.0
00000022_000.png,Normal,ResNet50 (Raw CXR),0,0,Clean Normal,0.0,0.0
00000022_000.png,Normal,DenseNet121 (Raw CXR),0,0,Clean Normal,0.0,0.0
00000022_000.png,Normal,ResNet50 (DAE+CLAHE),0,0,Clean Normal,0.0,0.0
00000022_000.png,Normal,DenseNet121 (DAE+CLAHE),0,0,Clean Normal,0.0,0.0
00000023_000.png,Normal,ResNet50 (Raw CXR),0,0,Clean Normal,0.0,0.0
00000023_000.png,Normal,DenseNet121 (Raw CXR),0,0,Clean Normal,0.0,0.0
00000023_000.png,Normal,ResNet50 (DAE+CLAHE),0,0,Clean Normal,0.0,0.0
00000023_000.png,Normal,DenseNet121 (DAE+CLAHE),0,0,Clean Normal,0.0,0.0
00000029_000.png,Normal,ResNet50 (Raw CXR),0,1,False Alarm,0.0,0.0
00000029_000.png,Normal,DenseNet121 (Raw CXR),0,0,Clean Normal,0.0,0.0
00000029_000.png,Normal,ResNet50 (DAE+CLAHE),0,0,False Alarm,0.0,0.0
00000029_000.png,Normal,DenseNet121 (DAE+CLAHE),0,0,Clean Normal,0.0,0.0
00000031_000.png,Normal,ResNet50 (Raw CXR),0,0,Clean Normal,0.0,0.0
00000031_000.png,Normal,DenseNet121 (Raw CXR),0,0,Clean Normal,0.0,0.0
00000031_000.png,Normal,ResNet50 (DAE+CLAHE),0,0,Clean Normal,0.0,0.0
00000031_000.png,Normal,DenseNet121 (DAE+CLAHE),0,1,Clean Normal,0.0,0.0
00000034_001.png,Normal,ResNet50 (Raw CXR),0,0,Clean Normal,0.0,0.0
00000034_001.png,Normal,DenseNet121 (Raw CXR),0,0,Clean Normal,0.0,0.0
00000034_001.png,Normal,ResNet50 (DAE+CLAHE),0,0,Clean Normal,0.0,0.0
00000034_001.png,Normal,DenseNet121 (DAE+CLAHE),0,0,Clean Normal,0.0,0.0
00000035_000.png,Normal,ResNet50 (Raw CXR),0,0,Clean Normal,0.0,0.0
00000035_000.png,Normal,DenseNet121 (Raw CXR),0,0,Clean Normal,0.0,0.0
00000035_000.png,Normal,ResNet50 (DAE+CLAHE),0,0,Clean Normal,0.0,0.0
00000035_000.png,Normal,DenseNet121 (DAE+CLAHE),0,0,Clean Normal,0.0,0.0
00000037_000.png,Normal,ResNet50 (Raw CXR),0,0,Clean Normal,0.0,0.0
00000037_000.png,Normal,DenseNet121 (Raw CXR),0,0,Clean Normal,0.0,0.0
00000037_000.png,Normal,ResNet50 (DAE+CLAHE),0,1,Clean Normal,0.0,0.0
00000037_000.png,Normal,DenseNet121 (DAE+CLAHE),0,0,Clean Normal,0.0,0.0
00000038_002.png,Normal,ResNet50 (Raw CXR),0,0,Clean Normal,0.0,0.0
00000038_002.png,Normal,DenseNet121 (Raw CXR),0,0,Clean Normal,0.0,0.0
00000038_002.png,Normal,ResNet50 (DAE+CLAHE),0,0,Clean Normal,0.0,0.0
00000038_002.png,Normal,DenseNet121 (DAE+CLAHE),0,0,Clean Normal,0.0,0.0
00000039_000.png,Normal,ResNet50 (Raw CXR),0,0,Clean Normal,0.0,0.0
00000039_000.png,Normal,DenseNet121 (Raw CXR),0,1,False Alarm,0.0,0.0
00000039_000.png,Normal,ResNet50 (DAE+CLAHE),0,0,Clean Normal,0.0,0.0
00000039_000.png,Normal,DenseNet121 (DAE+CLAHE),0,0,False Alarm,0.0,0.0
00000040_000.png,Normal,ResNet50 (Raw CXR),0,1,False Alarm,0.0,0.0
00000040_000.png,Normal,DenseNet121 (Raw CXR),0,0,Clean Normal,0.0,0.0
00000040_000.png,Normal,ResNet50 (DAE+CLAHE),0,0,False Alarm,0.0,0.0
00000040_000.png,Normal,DenseNet121 (DAE+CLAHE),0,0,Clean Normal,0.0,0.0
00000041_003.png,Normal,ResNet50 (Raw CXR),0,0,Clean Normal,0.0,0.0
00000041_003.png,Normal,DenseNet121 (Raw CXR),0,0,Clean Normal,0.0,0.0
00000041_003.png,Normal,ResNet50 (DAE+CLAHE),0,0,Clean Normal,0.0,0.0
00000041_003.png,Normal,DenseNet121 (DAE+CLAHE),0,0,Clean Normal,0.0,0.0
00000042_000.png,Normal,ResNet50 (Raw CXR),0,0,Clean Normal,0.0,0.0
00000042_000.png,Normal,DenseNet121 (Raw CXR),0,0,Clean Normal,0.0,0.0
00000042_000.png,Normal,ResNet50 (DAE+CLAHE),0,0,Clean Normal,0.0,0.0
00000042_000.png,Normal,DenseNet121 (DAE+CLAHE),0,0,Clean Normal,0.0,0.0
00000046_000.png,Normal,ResNet50 (Raw CXR),0,0,Clean Normal,0.0,0.0
00000046_000.png,Normal,DenseNet121 (Raw CXR),0,0,Clean Normal,0.0,0.0
00000046_000.png,Normal,ResNet50 (DAE+CLAHE),0,0,Clean Normal,0.0,0.0
00000046_000.png,Normal,DenseNet121 (DAE+CLAHE),0,0,Clean Normal,0.0,0.0
00000047_000.png,Normal,ResNet50 (Raw CXR),0,0,Clean Normal,0.0,0.0
00000047_000.png,Normal,DenseNet121 (Raw CXR),0,0,Clean Normal,0.0,0.0
00000047_000.png,Normal,ResNet50 (DAE+CLAHE),0,0,Clean Normal,0.0,0.0
00000047_000.png,Normal,DenseNet121 (DAE+CLAHE),0,0,Clean Normal,0.0,0.0
00000048_000.png,Normal,ResNet50 (Raw CXR),0,0,Clean Normal,0.0,0.0
00000048_000.png,Normal,DenseNet121 (Raw CXR),0,0,Clean Normal,0.0,0.0
00000048_000.png,Normal,ResNet50 (DAE+CLAHE),0,0,Clean Normal,0.0,0.0
00000048_000.png,Normal,DenseNet121 (DAE+CLAHE),0,0,Clean Normal,0.0,0.0
00000049_001.png,Normal,ResNet50 (Raw CXR),0,0,Clean Normal,0.0,0.0
00000049_001.png,Normal,DenseNet121 (Raw CXR),0,0,Clean Normal,0.0,0.0
00000049_001.png,Normal,ResNet50 (DAE+CLAHE),0,1,Clean Normal,0.0,0.0
00000049_001.png,Normal,DenseNet121 (DAE+CLAHE),0,0,Clean Normal,0.0,0.0
00000050_000.png,Normal,ResNet50 (Raw CXR),0,1,False Alarm,0.0,0.0
00000050_000.png,Normal,DenseNet121 (Raw CXR),0,0,Clean Normal,0.0,0.0
00000050_000.png,Normal,ResNet50 (DAE+CLAHE),0,0,False Alarm,0.0,0.0
00000050_000.png,Normal,DenseNet121 (DAE+CLAHE),0,0,Clean Normal,0.0,0.0
00000052_000.png,Normal,ResNet50 (Raw CXR),0,0,Clean Normal,0.0,0.0
00000052_000.png,Normal,DenseNet121 (Raw CXR),0,0,Clean Normal,0.0,0.0
00000052_000.png,Normal,ResNet50 (DAE+CLAHE),0,0,Clean Normal,0.0,0.0
00000052_000.png,Normal,DenseNet121 (DAE+CLAHE),0,0,Clean Normal,0.0,0.0
00000032_037.png,Infiltration,ResNet50 (Raw CXR),1,0,Hit,9.4,0.1095
00000032_037.png,Infiltration,DenseNet121 (Raw CXR),1,0,Miss,2.08,0.0031
00000032_037.png,Infiltration,ResNet50 (DAE+CLAHE),1,1,Miss,4.25,0.0278
00000032_037.png,Infiltration,DenseNet121 (DAE+CLAHE),1,1,Miss,2.29,0.0013
00000211_016.png,Infiltration,ResNet50 (Raw CXR),1,1,Miss,8.36,0.0723
00000211_016.png,Infiltration,DenseNet121 (Raw CXR),1,1,Miss,9.65,0.0324
00000211_016.png,Infiltration,ResNet50 (DAE+CLAHE),1,1,Miss,5.03,0.0408
00000211_016.png,Infiltration,DenseNet121 (DAE+CLAHE),1,1,Miss,24.62,0.3018
00000468_041.png,Infiltration,ResNet50 (Raw CXR),1,1,Miss,1.16,0.0128
00000468_041.png,Infiltration,DenseNet121 (Raw CXR),1,1,Miss,0.47,0.0026
00000468_041.png,Infiltration,ResNet50 (DAE+CLAHE),1,1,Miss,1.03,0.0147
00000468_041.png,Infiltration,DenseNet121 (DAE+CLAHE),1,1,Miss,0.09,0.0
00001039_005.png,Infiltration,ResNet50 (Raw CXR),1,1,Miss,4.88,0.0613
00001039_005.png,Infiltration,DenseNet121 (Raw CXR),1,1,Miss,2.75,0.0208
00001039_005.png,Infiltration,ResNet50 (DAE+CLAHE),1,1,Miss,8.52,0.1126
00001039_005.png,Infiltration,DenseNet121 (DAE+CLAHE),1,1,Miss,0.03,0.0
00001900_026.png,Infiltration,ResNet50 (Raw CXR),1,1,Miss,6.49,0.0472
00001900_026.png,Infiltration,DenseNet121 (Raw CXR),1,1,Miss,2.79,0.0038
00001900_026.png,Infiltration,ResNet50 (DAE+CLAHE),1,1,Miss,6.35,0.0598
00001900_026.png,Infiltration,DenseNet121 (DAE+CLAHE),1,1,Miss,0.14,0.0
00002224_007.png,Infiltration,ResNet50 (Raw CXR),1,1,Miss,8.45,0.1041
00002224_007.png,Infiltration,DenseNet121 (Raw CXR),1,1,Miss,10.52,0.1069
00002224_007.png,Infiltration,ResNet50 (DAE+CLAHE),1,1,Hit,8.06,0.0863
00002224_007.png,Infiltration,DenseNet121 (DAE+CLAHE),1,1,Hit,8.18,0.0816
00003149_007.png,Infiltration,ResNet50 (Raw CXR),1,1,Miss,4.68,0.0329
00003149_007.png,Infiltration,DenseNet121 (Raw CXR),1,1,Miss,1.42,0.0
00003149_007.png,Infiltration,ResNet50 (DAE+CLAHE),1,0,Miss,6.92,0.0169
00003149_007.png,Infiltration,DenseNet121 (DAE+CLAHE),1,1,Miss,13.96,0.1345
00003333_002.png,Infiltration,ResNet50 (Raw CXR),1,1,Miss,22.66,0.2962
00003333_002.png,Infiltration,DenseNet121 (Raw CXR),1,1,Miss,16.71,0.1706
00003333_002.png,Infiltration,ResNet50 (DAE+CLAHE),1,1,Hit,17.45,0.1411
00003333_002.png,Infiltration,DenseNet121 (DAE+CLAHE),1,1,Miss,17.33,0.1639
00003973_008.png,Infiltration,ResNet50 (Raw CXR),1,1,Miss,1.94,0.0
00003973_008.png,Infiltration,DenseNet121 (Raw CXR),1,1,Miss,3.31,0.0347
00003973_008.png,Infiltration,ResNet50 (DAE+CLAHE),1,1,Miss,0.46,0.0
00003973_008.png,Infiltration,DenseNet121 (DAE+CLAHE),1,1,Miss,4.27,0.0519
00005066_030.png,Infiltration,ResNet50 (Raw CXR),1,1,Miss,6.24,0.0169
00005066_030.png,Infiltration,DenseNet121 (Raw CXR),1,1,Miss,0.0,0.0
00005066_030.png,Infiltration,ResNet50 (DAE+CLAHE),1,1,Miss,24.42,0.2895
00005066_030.png,Infiltration,DenseNet121 (DAE+CLAHE),1,1,Miss,0.0,0.0
00006096_010.png,Infiltration,ResNet50 (Raw CXR),1,0,Miss,3.54,0.0145
00006096_010.png,Infiltration,DenseNet121 (Raw CXR),1,1,Miss,0.0,0.0
00006096_010.png,Infiltration,ResNet50 (DAE+CLAHE),1,1,Miss,2.35,0.0081
00006096_010.png,Infiltration,DenseNet121 (DAE+CLAHE),1,0,Miss,14.26,0.1413
00006304_060.png,Infiltration,ResNet50 (Raw CXR),1,1,Miss,0.58,0.0
00006304_060.png,Infiltration,DenseNet121 (Raw CXR),1,1,Miss,1.11,0.0028
00006304_060.png,Infiltration,ResNet50 (DAE+CLAHE),1,1,Miss,4.52,0.0399
00006304_060.png,Infiltration,DenseNet121 (DAE+CLAHE),1,1,Miss,15.09,0.1531
00006836_002.png,Infiltration,ResNet50 (Raw CXR),1,1,Miss,6.77,0.0234
00006836_002.png,Infiltration,DenseNet121 (Raw CXR),1,1,Miss,1.91,0.0119
00006836_002.png,Infiltration,ResNet50 (DAE+CLAHE),1,1,Miss,17.46,0.2291
00006836_002.png,Infiltration,DenseNet121 (DAE+CLAHE),1,1,Miss,15.79,0.0738
00007124_006.png,Infiltration,ResNet50 (Raw CXR),1,1,Miss,18.66,0.2039
00007124_006.png,Infiltration,DenseNet121 (Raw CXR),1,1,Miss,16.87,0.1599
00007124_006.png,Infiltration,ResNet50 (DAE+CLAHE),1,1,Miss,15.93,0.1573
00007124_006.png,Infiltration,DenseNet121 (DAE+CLAHE),1,1,Miss,7.63,0.0191
00008814_010.png,Infiltration,ResNet50 (Raw CXR),1,1,Hit,20.1,0.2333
00008814_010.png,Infiltration,DenseNet121 (Raw CXR),1,1,Hit,10.83,0.0917
00008814_010.png,Infiltration,ResNet50 (DAE+CLAHE),1,1,Hit,21.11,0.2271
00008814_010.png,Infiltration,DenseNet121 (DAE+CLAHE),1,1,Miss,5.28,0.0014
00009431_004.png,Infiltration,ResNet50 (Raw CXR),1,1,Miss,1.93,0.0
00009431_004.png,Infiltration,DenseNet121 (Raw CXR),1,0,Hit,12.2,0.1499
00009431_004.png,Infiltration,ResNet50 (DAE+CLAHE),1,1,Miss,10.54,0.0993
00009431_004.png,Infiltration,DenseNet121 (DAE+CLAHE),1,1,Hit,7.94,0.088
00010092_018.png,Infiltration,ResNet50 (Raw CXR),1,1,Miss,1.42,0.0
00010092_018.png,Infiltration,DenseNet121 (Raw CXR),1,1,Miss,2.51,0.0381
00010092_018.png,Infiltration,ResNet50 (DAE+CLAHE),1,1,Miss,3.99,0.0643
00010092_018.png,Infiltration,DenseNet121 (DAE+CLAHE),1,1,Miss,0.47,0.0
00010120_010.png,Infiltration,ResNet50 (Raw CXR),1,1,Hit,57.7,0.3474
00010120_010.png,Infiltration,DenseNet121 (Raw CXR),1,1,Miss,15.68,0.0645
00010120_010.png,Infiltration,ResNet50 (DAE+CLAHE),1,1,Hit,42.76,0.3442
00010120_010.png,Infiltration,DenseNet121 (DAE+CLAHE),1,1,Miss,2.89,0.0008
00010230_001.png,Infiltration,ResNet50 (Raw CXR),1,1,Miss,2.04,0.0
00010230_001.png,Infiltration,DenseNet121 (Raw CXR),1,1,Miss,1.97,0.0281
00010230_001.png,Infiltration,ResNet50 (DAE+CLAHE),1,0,Miss,0.91,0.0
00010230_001.png,Infiltration,DenseNet121 (DAE+CLAHE),1,1,Miss,0.21,0.0
00010277_000.png,Infiltration,ResNet50 (Raw CXR),1,1,Miss,27.58,0.2192
00010277_000.png,Infiltration,DenseNet121 (Raw CXR),1,1,Hit,25.83,0.2403
00010277_000.png,Infiltration,ResNet50 (DAE+CLAHE),1,1,Hit,45.29,0.4952
00010277_000.png,Infiltration,DenseNet121 (DAE+CLAHE),1,1,Hit,24.86,0.2679
00010805_049.png,Infiltration,ResNet50 (Raw CXR),1,0,Hit,17.28,0.1958
00010805_049.png,Infiltration,DenseNet121 (Raw CXR),1,1,Miss,0.0,0.0
00010805_049.png,Infiltration,ResNet50 (DAE+CLAHE),1,1,Hit,29.15,0.2583
00010805_049.png,Infiltration,DenseNet121 (DAE+CLAHE),1,1,Miss,13.34,0.1497
00010828_039.png,Infiltration,ResNet50 (Raw CXR),1,1,Miss,5.81,0.0249
00010828_039.png,Infiltration,DenseNet121 (Raw CXR),1,1,Miss,11.3,0.1375
00010828_039.png,Infiltration,ResNet50 (DAE+CLAHE),1,1,Miss,10.72,0.1448
00010828_039.png,Infiltration,DenseNet121 (DAE+CLAHE),1,1,Miss,0.28,0.0
00011023_004.png,Infiltration,ResNet50 (Raw CXR),1,1,Hit,11.2,0.119
00011023_004.png,Infiltration,DenseNet121 (Raw CXR),1,1,Miss,3.66,0.0504
00011023_004.png,Infiltration,ResNet50 (DAE+CLAHE),1,1,Hit,10.02,0.1065
00011023_004.png,Infiltration,DenseNet121 (DAE+CLAHE),1,1,Miss,7.62,0.0895
00011124_000.png,Infiltration,ResNet50 (Raw CXR),1,1,Miss,1.0,0.0
00011124_000.png,Infiltration,DenseNet121 (Raw CXR),1,1,Miss,0.33,0.0
00011124_000.png,Infiltration,ResNet50 (DAE+CLAHE),1,1,Miss,1.25,0.0073
00011124_000.png,Infiltration,DenseNet121 (DAE+CLAHE),1,1,Miss,0.71,0.0006
00011237_094.png,Infiltration,ResNet50 (Raw CXR),1,1,Miss,22.49,0.2425
00011237_094.png,Infiltration,DenseNet121 (Raw CXR),1,1,Miss,10.36,0.0717
00011237_094.png,Infiltration,ResNet50 (DAE+CLAHE),1,1,Miss,20.27,0.2247
00011237_094.png,Infiltration,DenseNet121 (DAE+CLAHE),1,1,Miss,16.82,0.2196
00011269_018.png,Infiltration,ResNet50 (Raw CXR),1,1,Miss,7.91,0.0248
00011269_018.png,Infiltration,DenseNet121 (Raw CXR),1,1,Miss,6.92,0.0754
00011269_018.png,Infiltration,ResNet50 (DAE+CLAHE),1,1,Miss,8.49,0.0944
00011269_018.png,Infiltration,DenseNet121 (DAE+CLAHE),1,1,Miss,8.02,0.0808
00011366_002.png,Infiltration,ResNet50 (Raw CXR),1,1,Hit,46.51,0.3507
00011366_002.png,Infiltration,DenseNet121 (Raw CXR),1,1,Hit,68.65,0.4776
00011366_002.png,Infiltration,ResNet50 (DAE+CLAHE),1,1,Miss,48.58,0.142
00011366_002.png,Infiltration,DenseNet121 (DAE+CLAHE),1,1,Miss,66.97,0.5192
00011925_072.png,Infiltration,ResNet50 (Raw CXR),1,1,Miss,11.5,0.1245
00011925_072.png,Infiltration,DenseNet121 (Raw CXR),1,1,Miss,9.25,0.1036
00011925_072.png,Infiltration,ResNet50 (DAE+CLAHE),1,1,Miss,8.28,0.0218
00011925_072.png,Infiltration,DenseNet121 (DAE+CLAHE),1,1,Miss,11.78,0.1545
00012021_054.png,Infiltration,ResNet50 (Raw CXR),1,1,Hit,18.84,0.2445
00012021_054.png,Infiltration,DenseNet121 (Raw CXR),1,1,Miss,0.0,0.0
00012021_054.png,Infiltration,ResNet50 (DAE+CLAHE),1,1,Hit,13.87,0.1062
00012021_054.png,Infiltration,DenseNet121 (DAE+CLAHE),1,1,Hit,24.1,0.1626
00012364_045.png,Infiltration,ResNet50 (Raw CXR),1,1,Miss,5.36,0.0051
00012364_045.png,Infiltration,DenseNet121 (Raw CXR),1,1,Miss,9.65,0.0702
00012364_045.png,Infiltration,ResNet50 (DAE+CLAHE),1,1,Miss,7.81,0.0599
00012364_045.png,Infiltration,DenseNet121 (DAE+CLAHE),1,1,Miss,14.65,0.118
