condition_id,status,n,accuracy,precision,recall,f1,roc_auc,epochs_run,best_epoch,training_seconds
baseline,complete,100,0.54,0.527027027027027,0.78,0.6290322580645161,0.6043999999999999,7,2,18.681765215000098
median_L1,complete,100,0.56,0.5384615384615384,0.84,0.65625,0.6164,7,2,18.850879833999898
median_L2,complete,100,0.5,0.5,0.72,0.5901639344262295,0.5304,7,2,19.14833266100004
median_L3,complete,100,0.51,0.5087719298245614,0.58,0.5420560747663551,0.5276000000000001,7,2,18.420003245999737
clahe_dwt_L1,complete,100,0.58,0.55,0.88,0.676923076923077,0.6376,7,2,18.488114147000147
clahe_dwt_L2,complete,100,0.59,0.5849056603773585,0.62,0.6019417475728155,0.6404000000000001,8,3,21.5458181649999
clahe_dwt_L3,complete,100,0.55,0.5373134328358209,0.72,0.6153846153846154,0.6088,7,2,18.733958748999726
dae_clahe_L1,complete,100,0.51,0.5060240963855421,0.84,0.631578947368421,0.6436000000000001,7,2,18.334452164000027
dae_clahe_L2,complete,100,0.56,0.5375,0.86,0.6615384615384615,0.6504,7,2,18.706404751000036
dae_clahe_L3,complete,100,0.6,0.5675675675675675,0.84,0.6774193548387096,0.638,8,3,20.98680935899995
