epoch,accuracy,auc,loss,val_accuracy,val_auc,val_loss
1,0.49687498807907104,0.49937501549720764,0.7789945006370544,0.375,0.42781251668930054,0.7920849919319153
2,0.503125011920929,0.5090234279632568,0.7563899755477905,0.5249999761581421,0.44343745708465576,0.7801623940467834
3,0.5218750238418579,0.5286914706230164,0.7420182824134827,0.4625000059604645,0.43156248331069946,0.7740240097045898
4,0.5249999761581421,0.5412304401397705,0.7352679967880249,0.48750001192092896,0.4428124725818634,0.7708975076675415
5,0.543749988079071,0.5470702648162842,0.7289819717407227,0.48750001192092896,0.44968751072883606,0.7673665285110474
6,0.546875,0.5586522817611694,0.7217473387718201,0.4625000059604645,0.44999998807907104,0.7649394273757935
7,0.5531250238418579,0.5730859637260437,0.7143539190292358,0.4625000059604645,0.45125001668930054,0.7633184194564819
8,0.5687500238418579,0.5842187404632568,0.7055116891860962,0.4749999940395355,0.4556250274181366,0.7616367936134338
9,0.5874999761581421,0.5915234684944153,0.7051817178726196,0.4625000059604645,0.45750001072883606,0.7605162858963013
10,0.578125,0.5966992378234863,0.6966227889060974,0.4625000059604645,0.45781251788139343,0.7592006921768188
11,0.59375,0.608203113079071,0.6900103092193604,0.44999998807907104,0.4687499701976776,0.758186936378479
12,0.59375,0.6199414134025574,0.6836556196212769,0.4625000059604645,0.46812498569488525,0.7567063570022583
13,0.59375,0.6232225894927979,0.679486870765686,0.44999998807907104,0.4740625321865082,0.7557002902030945
14,0.612500011920929,0.6332616806030273,0.6733005046844482,0.44999998807907104,0.47843751311302185,0.7549692392349243
15,0.609375,0.6385741829872131,0.670129656791687,0.4625000059604645,0.4803124964237213,0.7538849711418152
16,0.606249988079071,0.6428906321525574,0.6672824025154114,0.4749999940395355,0.4803124964237213,0.7540980577468872
17,0.621874988079071,0.6535351276397705,0.66203773021698,0.44999998807907104,0.48781251907348633,0.7548586130142212
18,0.6031249761581421,0.6569140553474426,0.657302975654602,0.4749999940395355,0.48281246423721313,0.7527490854263306
19,0.6187499761581421,0.6645898222923279,0.6563442945480347,0.4375,0.49000000953674316,0.7527555823326111
20,0.6343749761581421,0.6738085746765137,0.6496384143829346,0.4625000059604645,0.48718753457069397,0.7513324618339539
21,0.6312500238418579,0.673281192779541,0.6487225294113159,0.4625000059604645,0.48624998331069946,0.7514747977256775
22,0.621874988079071,0.6861132979393005,0.6413678526878357,0.4749999940395355,0.4868749976158142,0.7512193918228149
23,0.628125011920929,0.6844140887260437,0.6396920680999756,0.44999998807907104,0.4906249940395355,0.7505675554275513
24,0.6468750238418579,0.6962696313858032,0.6336865425109863,0.44999998807907104,0.49125000834465027,0.7504997849464417
25,0.653124988079071,0.7023632526397705,0.6301885843276978,0.48750001192092896,0.4921875,0.7500460743904114
26,0.640625,0.7074218988418579,0.6266709566116333,0.4625000059604645,0.4987500011920929,0.7496892809867859
27,0.6468750238418579,0.7125586271286011,0.6241082549095154,0.4749999940395355,0.4975000321865082,0.7498185038566589
28,0.6656249761581421,0.7181054949760437,0.6205874681472778,0.4375,0.5,0.7498942613601685
29,0.668749988079071,0.7228906154632568,0.6178174614906311,0.4749999940395355,0.5009375214576721,0.7490412592887878
30,0.671875,0.7302929162979126,0.6132263541221619,0.4749999940395355,0.50062495470047,0.7490044236183167
31,0.6812499761581421,0.7338085770606995,0.6116795539855957,0.44999998807907104,0.5034375190734863,0.750188946723938
32,0.653124988079071,0.7333984375,0.610991358757019,0.4749999940395355,0.5028125047683716,0.7495884299278259
33,0.684374988079071,0.742382824420929,0.606300413608551,0.44999998807907104,0.5046875476837158,0.7497249841690063
34,0.6875,0.7527148127555847,0.6014732122421265,0.4625000059604645,0.503125011920929,0.7494108080863953
35,0.675000011920929,0.7546484470367432,0.5986189842224121,0.44999998807907104,0.5078125,0.7512184381484985
36,0.684374988079071,0.7500194907188416,0.5998749732971191,0.44999998807907104,0.5075000524520874,0.7503663301467896
37,0.6968749761581421,0.763867199420929,0.5934411287307739,0.4625000059604645,0.5040625333786011,0.7499970197677612
38,0.684374988079071,0.7620507478713989,0.5919889211654663,0.4625000059604645,0.5018749833106995,0.7497334480285645
39,0.6937500238418579,0.7736914157867432,0.5871686339378357,0.4375,0.5053125023841858,0.7518564462661743
40,0.6812499761581421,0.7654100656509399,0.5941182374954224,0.4749999940395355,0.5021875500679016,0.7500899434089661
41,0.715624988079071,0.7783398628234863,0.5865286588668823,0.4625000059604645,0.5118749737739563,0.7539349794387817
42,0.7093750238418579,0.7837109565734863,0.5787172317504883,0.4625000059604645,0.5018749833106995,0.7509883642196655
43,0.7093750238418579,0.7871484160423279,0.5773260593414307,0.44999998807907104,0.5028125047683716,0.7508637309074402
44,0.7093750238418579,0.7918359637260437,0.5765641927719116,0.4749999940395355,0.5021874904632568,0.7516278028488159
45,0.715624988079071,0.7958202958106995,0.5717456340789795,0.44999998807907104,0.5065625309944153,0.7517874240875244
46,0.7124999761581421,0.7990039587020874,0.5703383684158325,0.4749999940395355,0.5049999952316284,0.7510392069816589
47,0.731249988079071,0.804980456829071,0.5667327642440796,0.4625000059604645,0.5065625309944153,0.7516956925392151
48,0.715624988079071,0.8050000667572021,0.5669337511062622,0.4375,0.5096874833106995,0.7526885271072388
49,0.715624988079071,0.8073437213897705,0.5639300346374512,0.44999998807907104,0.5056250095367432,0.7512969970703125
50,0.737500011920929,0.817187488079071,0.5593843460083008,0.4749999940395355,0.5056250095367432,0.751676082611084
