Image,Class,PSNR_Noisy,PSNR_Median,PSNR_DWT,PSNR_DAE,SSIM_Noisy,SSIM_Median,SSIM_DWT,SSIM_DAE,EPI_Median,EPI_DWT,EPI_DAE,CIR_DAE_CLAHE
00000151_000.png,Normal,22.002641956207686,31.739832342585554,18.343777967283255,21.914964680932453,0.24857587330977718,0.7745426618716447,0.3834600428359388,0.2551706461894349,0.7365348437618338,0.22838804754781844,0.43579787927125974,1.7878025098531765
00000031_000.png,Normal,23.552594950884167,32.260725776871254,17.656982653575934,23.449327371283353,0.3905747604320381,0.8219378305384885,0.416873429648956,0.42086471669841063,0.8589035643181027,0.3822668064124105,0.6331510032901932,0.9768447246409417
00000054_001.png,Normal,22.436791768110794,31.96648215872992,19.10358184886306,22.3256705108992,0.2700441814647426,0.7842342115563646,0.3825882299651899,0.27843190571122545,0.928151714552772,0.3588975588245168,0.7308538584139928,1.25011604402817
00018253_054.png,Infiltration,23.55198371774236,30.940741367312157,17.319424304313443,23.387481653660423,0.3742188330080995,0.7906343827834691,0.41579131835830574,0.38389954883731425,0.6561490408280881,0.3505174229037757,0.5101602292411596,1.3029931896467084
00012021_054.png,Infiltration,23.27767021241676,31.523673840936162,18.171953606144072,23.165051172244368,0.3148995583311734,0.8022934642202381,0.3733239124580004,0.33540107490842697,0.6438887550475676,0.3246871445518648,0.4391040904621207,1.2454323098434592
00009431_004.png,Infiltration,22.391250695111907,30.203580981227752,19.175609191119587,22.28193065131983,0.2820216561645784,0.8026858089309019,0.38682590638152514,0.2892432943729167,0.8468768664257118,0.4883446602026713,0.6690772444139897,1.2822434569413848
00000113_000.png,Normal,23.237466660177137,31.583020341339022,18.659639291405117,23.109216053063406,0.3788182124798982,0.821631647946976,0.43020496812340225,0.4035407845396203,0.7870972728532601,0.3408645667554024,0.5535753415522504,0.9609420243370158
00019769_014.png,Infiltration,23.31436831279658,31.622051417653307,18.47355077238493,23.1781384528299,0.4056848238471182,0.8253669679013296,0.44936900328373386,0.42751571208312944,0.8056380159348115,0.34418268747417247,0.5798634238957872,1.0152125156231993
00020405_041.png,Infiltration,23.44364272209817,31.084012784373414,18.51640632472605,23.340180844629558,0.4325278216238982,0.8254882776718564,0.442706138642184,0.4605629648069197,0.8155771471377333,0.38100757435275356,0.6337635028602756,0.9850975093449947
00000082_000.png,Normal,23.42073561656534,32.203948745713554,18.14512100869067,23.23594421803607,0.38022440535767393,0.8353867120498848,0.46286358394345734,0.3891509604829739,0.8414507933693156,0.4022370580120256,0.6204004642806269,1.0407893504715902
00000109_002.png,Normal,22.486496752680353,30.311657529529008,18.330211680869585,22.352059000233876,0.3568764852616971,0.7768734532102176,0.4358073533369252,0.3676905229354953,0.8842079381436909,0.35621590158456795,0.7427961125043944,1.0954040598534307
00022369_013.png,Infiltration,23.76820021878743,28.022930120640588,16.847923716933373,23.622726102048265,0.3497289197001085,0.801231357911903,0.35399902656081605,0.3729560436487229,0.6494869629874286,0.4266565460766093,0.6810706758776665,1.0817555344739973
00019625_002.png,Infiltration,23.162546014883503,28.776381533362745,17.92016130825577,23.013420594491517,0.3295275417638256,0.7652734518274906,0.3651057155131534,0.3425561913593185,0.5866045219138516,0.33825900069165965,0.5870294437226294,1.235751419309431
00000130_000.png,Normal,22.215298219998868,31.800189511643033,18.575558162701597,22.109734211437598,0.2692377035913631,0.7904960696542568,0.3969607752495804,0.27622035053295557,0.7426209950476236,0.2666895909338935,0.44287388857060506,1.2191945230071282
00022899_014.png,Infiltration,23.481230363356023,32.58762884830868,17.668536860674806,23.32202712482314,0.29697598277703235,0.7970139633600322,0.35868738327997673,0.30793358294540757,0.6095114697072904,0.28428949998529573,0.40967734352762414,1.4020310499592394
00021201_010.png,Infiltration,22.94129051083167,29.432398494682054,18.754463009888415,22.7895962965404,0.41782389255802244,0.7641733404415733,0.46112985778172116,0.4261570396524754,0.9029845038941893,0.4682989711308443,0.8225252413121233,1.136229585589872
00000096_008.png,Normal,23.413351070880214,31.71904680267566,16.369366560035427,23.27058796080965,0.3877865656288189,0.8243695626089782,0.42731328306006944,0.39980705581446585,0.8125172104471072,0.39220068067235553,0.5710305477399898,0.9463579471834697
00017083_002.png,Infiltration,22.88860632859094,31.689823515294737,16.08997585190292,22.294767271751855,0.269944404663672,0.7906743811010184,0.3843152012350807,0.2782914415235255,0.9338381009480657,0.3966719039299426,0.8049762419598279,1.632830540607456
00000136_000.png,Normal,23.342056629729754,30.474035994020507,17.846547238020953,23.162033716739515,0.3967512326125844,0.8086665400755467,0.4541319372172752,0.4054648045212046,0.8257853145000473,0.38383507723498983,0.7150278176865655,1.158163424816533
00000112_001.png,Normal,22.7095927554859,32.29957343284128,19.531786630510346,22.571640985827447,0.2419568581422168,0.8107718472633019,0.3616035945513452,0.2497261850294752,0.7270454204111079,0.25669771265672664,0.4633288495361208,1.445066471161734
00011237_094.png,Infiltration,23.2966256479807,33.03172400284231,18.259433493783007,23.183980032803166,0.29648835970258436,0.8177161123811958,0.3593657382297317,0.32310276779767966,0.6654621888638603,0.2815663695254654,0.36553620226314576,1.277721887198721
00000034_001.png,Normal,22.36393552154162,30.27337578794566,18.164963877075696,22.23647975455839,0.3373214957422272,0.7996168236169995,0.4665470570072004,0.3449708074774907,0.7842112567368161,0.4062630677102276,0.5919549109474344,1.2288568084715072
00016417_008.png,Infiltration,22.356761734626538,30.826803171625897,18.108926257044192,22.22237995669992,0.32102837572487064,0.8032393951063095,0.4458443995635417,0.3286896217129798,0.6927090759946263,0.3198013931537428,0.47418121481976516,1.1249106551088526
00000149_000.png,Normal,23.35566711370952,31.39440351999899,17.994946305760166,23.237446257212774,0.36682477904551164,0.816257628247682,0.4053190417354231,0.3950793197962708,0.7497655864583983,0.32911969157801885,0.5450322136491169,1.0044441071559191
00000108_000.png,Normal,22.25716525847059,30.388647688480393,18.42703033607467,22.168380533913922,0.27574890479744096,0.7764755501866578,0.3665123002116276,0.28305844648423917,0.6620586069777643,0.30108063369139276,0.49921400094292795,1.177294173524871
00000100_001.png,Normal,23.30382793910692,31.340456479376275,17.92609667470191,23.1565657926979,0.41494945880765977,0.8154595609348749,0.4437616796637266,0.43082722506324267,0.8106354644308394,0.4242388198063475,0.5983531920685808,0.9151606042766355
00000138_000.png,Normal,22.25735822793196,31.76620594924186,19.262109367796363,22.15760203294412,0.26353521949824116,0.7819580199049099,0.37652872664571674,0.27038484860601275,0.6053588718479727,0.23193083352094856,0.3250239892506154,1.3086815524056286
00000110_000.png,Normal,22.11669403395824,31.711986660513652,18.53964718234975,22.036545690619775,0.2591900824110176,0.7743099979519186,0.3733636230725783,0.2663722737121744,0.6902379563342916,0.20449367515484848,0.38643121257085855,1.2497457504928209
00011269_018.png,Infiltration,23.48148320864292,29.601001266852023,17.195572706635957,23.381242371705845,0.43889320448578306,0.8003662514262952,0.41293460774858887,0.47224230174997167,0.741394979161051,0.4209495250076008,0.6599141299148822,1.0222997723103073
00013106_000.png,Infiltration,22.20146248919741,30.885356261364016,17.299111996464,22.069046231007803,0.31701836838598507,0.7952172940934525,0.43612243108863513,0.3243284992999074,0.9333140193509184,0.5024576099766576,0.8050251799902992,1.3850839735112292
