Image Index,Class,Condition,Ground_Truth,Predicted,Localization,Energy_Inside_BBox_%,IoU_0.3
00000002_000.png,Normal,1. Unmasked Raw CXR (Baseline),0,1,False Alarm,0.0,0.0
00000002_000.png,Normal,2. Segmented Lung Only (Raw Masked),0,1,False Alarm,0.0,0.0
00000002_000.png,Normal,3. Unmasked DAE+CLAHE,0,1,False Alarm,0.0,0.0
00000002_000.png,Normal,4. Segmented Lung + DAE+CLAHE (Combined),0,1,False Alarm,0.0,0.0
00000005_000.png,Normal,1. Unmasked Raw CXR (Baseline),0,0,Clean Normal,0.0,0.0
00000005_000.png,Normal,2. Segmented Lung Only (Raw Masked),0,0,Clean Normal,0.0,0.0
00000005_000.png,Normal,3. Unmasked DAE+CLAHE,0,0,Clean Normal,0.0,0.0
00000005_000.png,Normal,4. Segmented Lung + DAE+CLAHE (Combined),0,0,Clean Normal,0.0,0.0
00000006_000.png,Normal,1. Unmasked Raw CXR (Baseline),0,0,Clean Normal,0.0,0.0
00000006_000.png,Normal,2. Segmented Lung Only (Raw Masked),0,0,Clean Normal,0.0,0.0
00000006_000.png,Normal,3. Unmasked DAE+CLAHE,0,0,Clean Normal,0.0,0.0
00000006_000.png,Normal,4. Segmented Lung + DAE+CLAHE (Combined),0,0,Clean Normal,0.0,0.0
00000007_000.png,Normal,1. Unmasked Raw CXR (Baseline),0,0,Clean Normal,0.0,0.0
00000007_000.png,Normal,2. Segmented Lung Only (Raw Masked),0,0,Clean Normal,0.0,0.0
00000007_000.png,Normal,3. Unmasked DAE+CLAHE,0,0,Clean Normal,0.0,0.0
00000007_000.png,Normal,4. Segmented Lung + DAE+CLAHE (Combined),0,0,Clean Normal,0.0,0.0
00000008_001.png,Normal,1. Unmasked Raw CXR (Baseline),0,0,Clean Normal,0.0,0.0
00000008_001.png,Normal,2. Segmented Lung Only (Raw Masked),0,0,Clean Normal,0.0,0.0
00000008_001.png,Normal,3. Unmasked DAE+CLAHE,0,0,Clean Normal,0.0,0.0
00000008_001.png,Normal,4. Segmented Lung + DAE+CLAHE (Combined),0,0,Clean Normal,0.0,0.0
00000011_001.png,Normal,1. Unmasked Raw CXR (Baseline),0,0,Clean Normal,0.0,0.0
00000011_001.png,Normal,2. Segmented Lung Only (Raw Masked),0,0,Clean Normal,0.0,0.0
00000011_001.png,Normal,3. Unmasked DAE+CLAHE,0,0,Clean Normal,0.0,0.0
00000011_001.png,Normal,4. Segmented Lung + DAE+CLAHE (Combined),0,0,Clean Normal,0.0,0.0
00000013_000.png,Normal,1. Unmasked Raw CXR (Baseline),0,0,Clean Normal,0.0,0.0
00000013_000.png,Normal,2. Segmented Lung Only (Raw Masked),0,0,Clean Normal,0.0,0.0
00000013_000.png,Normal,3. Unmasked DAE+CLAHE,0,0,Clean Normal,0.0,0.0
00000013_000.png,Normal,4. Segmented Lung + DAE+CLAHE (Combined),0,0,Clean Normal,0.0,0.0
00000014_000.png,Normal,1. Unmasked Raw CXR (Baseline),0,1,False Alarm,0.0,0.0
00000014_000.png,Normal,2. Segmented Lung Only (Raw Masked),0,0,Clean Normal,0.0,0.0
00000014_000.png,Normal,3. Unmasked DAE+CLAHE,0,0,False Alarm,0.0,0.0
00000014_000.png,Normal,4. Segmented Lung + DAE+CLAHE (Combined),0,0,Clean Normal,0.0,0.0
00000015_000.png,Normal,1. Unmasked Raw CXR (Baseline),0,0,Clean Normal,0.0,0.0
00000015_000.png,Normal,2. Segmented Lung Only (Raw Masked),0,0,Clean Normal,0.0,0.0
00000015_000.png,Normal,3. Unmasked DAE+CLAHE,0,0,Clean Normal,0.0,0.0
00000015_000.png,Normal,4. Segmented Lung + DAE+CLAHE (Combined),0,0,Clean Normal,0.0,0.0
00000016_000.png,Normal,1. Unmasked Raw CXR (Baseline),0,0,Clean Normal,0.0,0.0
00000016_000.png,Normal,2. Segmented Lung Only (Raw Masked),0,0,Clean Normal,0.0,0.0
00000016_000.png,Normal,3. Unmasked DAE+CLAHE,0,1,Clean Normal,0.0,0.0
00000016_000.png,Normal,4. Segmented Lung + DAE+CLAHE (Combined),0,0,Clean Normal,0.0,0.0
00000017_001.png,Normal,1. Unmasked Raw CXR (Baseline),0,0,Clean Normal,0.0,0.0
00000017_001.png,Normal,2. Segmented Lung Only (Raw Masked),0,0,Clean Normal,0.0,0.0
00000017_001.png,Normal,3. Unmasked DAE+CLAHE,0,0,Clean Normal,0.0,0.0
00000017_001.png,Normal,4. Segmented Lung + DAE+CLAHE (Combined),0,0,Clean Normal,0.0,0.0
00000018_000.png,Normal,1. Unmasked Raw CXR (Baseline),0,0,Clean Normal,0.0,0.0
00000018_000.png,Normal,2. Segmented Lung Only (Raw Masked),0,0,Clean Normal,0.0,0.0
00000018_000.png,Normal,3. Unmasked DAE+CLAHE,0,0,Clean Normal,0.0,0.0
00000018_000.png,Normal,4. Segmented Lung + DAE+CLAHE (Combined),0,0,Clean Normal,0.0,0.0
00000022_000.png,Normal,1. Unmasked Raw CXR (Baseline),0,0,Clean Normal,0.0,0.0
00000022_000.png,Normal,2. Segmented Lung Only (Raw Masked),0,1,False Alarm,0.0,0.0
00000022_000.png,Normal,3. Unmasked DAE+CLAHE,0,0,Clean Normal,0.0,0.0
00000022_000.png,Normal,4. Segmented Lung + DAE+CLAHE (Combined),0,0,False Alarm,0.0,0.0
00000023_000.png,Normal,1. Unmasked Raw CXR (Baseline),0,0,Clean Normal,0.0,0.0
00000023_000.png,Normal,2. Segmented Lung Only (Raw Masked),0,0,Clean Normal,0.0,0.0
00000023_000.png,Normal,3. Unmasked DAE+CLAHE,0,0,Clean Normal,0.0,0.0
00000023_000.png,Normal,4. Segmented Lung + DAE+CLAHE (Combined),0,0,Clean Normal,0.0,0.0
00000029_000.png,Normal,1. Unmasked Raw CXR (Baseline),0,1,False Alarm,0.0,0.0
00000029_000.png,Normal,2. Segmented Lung Only (Raw Masked),0,0,Clean Normal,0.0,0.0
00000029_000.png,Normal,3. Unmasked DAE+CLAHE,0,0,False Alarm,0.0,0.0
00000029_000.png,Normal,4. Segmented Lung + DAE+CLAHE (Combined),0,1,Clean Normal,0.0,0.0
00000031_000.png,Normal,1. Unmasked Raw CXR (Baseline),0,0,Clean Normal,0.0,0.0
00000031_000.png,Normal,2. Segmented Lung Only (Raw Masked),0,0,Clean Normal,0.0,0.0
00000031_000.png,Normal,3. Unmasked DAE+CLAHE,0,0,Clean Normal,0.0,0.0
00000031_000.png,Normal,4. Segmented Lung + DAE+CLAHE (Combined),0,0,Clean Normal,0.0,0.0
00000034_001.png,Normal,1. Unmasked Raw CXR (Baseline),0,0,Clean Normal,0.0,0.0
00000034_001.png,Normal,2. Segmented Lung Only (Raw Masked),0,0,Clean Normal,0.0,0.0
00000034_001.png,Normal,3. Unmasked DAE+CLAHE,0,0,Clean Normal,0.0,0.0
00000034_001.png,Normal,4. Segmented Lung + DAE+CLAHE (Combined),0,0,Clean Normal,0.0,0.0
00000035_000.png,Normal,1. Unmasked Raw CXR (Baseline),0,0,Clean Normal,0.0,0.0
00000035_000.png,Normal,2. Segmented Lung Only (Raw Masked),0,0,Clean Normal,0.0,0.0
00000035_000.png,Normal,3. Unmasked DAE+CLAHE,0,0,Clean Normal,0.0,0.0
00000035_000.png,Normal,4. Segmented Lung + DAE+CLAHE (Combined),0,0,Clean Normal,0.0,0.0
00000037_000.png,Normal,1. Unmasked Raw CXR (Baseline),0,0,Clean Normal,0.0,0.0
00000037_000.png,Normal,2. Segmented Lung Only (Raw Masked),0,0,Clean Normal,0.0,0.0
00000037_000.png,Normal,3. Unmasked DAE+CLAHE,0,1,Clean Normal,0.0,0.0
00000037_000.png,Normal,4. Segmented Lung + DAE+CLAHE (Combined),0,0,Clean Normal,0.0,0.0
00000038_002.png,Normal,1. Unmasked Raw CXR (Baseline),0,0,Clean Normal,0.0,0.0
00000038_002.png,Normal,2. Segmented Lung Only (Raw Masked),0,0,Clean Normal,0.0,0.0
00000038_002.png,Normal,3. Unmasked DAE+CLAHE,0,0,Clean Normal,0.0,0.0
00000038_002.png,Normal,4. Segmented Lung + DAE+CLAHE (Combined),0,0,Clean Normal,0.0,0.0
00000039_000.png,Normal,1. Unmasked Raw CXR (Baseline),0,0,Clean Normal,0.0,0.0
00000039_000.png,Normal,2. Segmented Lung Only (Raw Masked),0,0,Clean Normal,0.0,0.0
00000039_000.png,Normal,3. Unmasked DAE+CLAHE,0,0,Clean Normal,0.0,0.0
00000039_000.png,Normal,4. Segmented Lung + DAE+CLAHE (Combined),0,0,Clean Normal,0.0,0.0
00000040_000.png,Normal,1. Unmasked Raw CXR (Baseline),0,1,False Alarm,0.0,0.0
00000040_000.png,Normal,2. Segmented Lung Only (Raw Masked),0,0,Clean Normal,0.0,0.0
00000040_000.png,Normal,3. Unmasked DAE+CLAHE,0,0,False Alarm,0.0,0.0
00000040_000.png,Normal,4. Segmented Lung + DAE+CLAHE (Combined),0,0,Clean Normal,0.0,0.0
00000041_003.png,Normal,1. Unmasked Raw CXR (Baseline),0,0,Clean Normal,0.0,0.0
00000041_003.png,Normal,2. Segmented Lung Only (Raw Masked),0,0,Clean Normal,0.0,0.0
00000041_003.png,Normal,3. Unmasked DAE+CLAHE,0,0,Clean Normal,0.0,0.0
00000041_003.png,Normal,4. Segmented Lung + DAE+CLAHE (Combined),0,0,Clean Normal,0.0,0.0
00000042_000.png,Normal,1. Unmasked Raw CXR (Baseline),0,0,Clean Normal,0.0,0.0
00000042_000.png,Normal,2. Segmented Lung Only (Raw Masked),0,0,Clean Normal,0.0,0.0
00000042_000.png,Normal,3. Unmasked DAE+CLAHE,0,0,Clean Normal,0.0,0.0
00000042_000.png,Normal,4. Segmented Lung + DAE+CLAHE (Combined),0,0,Clean Normal,0.0,0.0
00000046_000.png,Normal,1. Unmasked Raw CXR (Baseline),0,0,Clean Normal,0.0,0.0
00000046_000.png,Normal,2. Segmented Lung Only (Raw Masked),0,1,False Alarm,0.0,0.0
00000046_000.png,Normal,3. Unmasked DAE+CLAHE,0,0,Clean Normal,0.0,0.0
00000046_000.png,Normal,4. Segmented Lung + DAE+CLAHE (Combined),0,0,False Alarm,0.0,0.0
00000047_000.png,Normal,1. Unmasked Raw CXR (Baseline),0,0,Clean Normal,0.0,0.0
00000047_000.png,Normal,2. Segmented Lung Only (Raw Masked),0,0,Clean Normal,0.0,0.0
00000047_000.png,Normal,3. Unmasked DAE+CLAHE,0,0,Clean Normal,0.0,0.0
00000047_000.png,Normal,4. Segmented Lung + DAE+CLAHE (Combined),0,0,Clean Normal,0.0,0.0
00000048_000.png,Normal,1. Unmasked Raw CXR (Baseline),0,0,Clean Normal,0.0,0.0
00000048_000.png,Normal,2. Segmented Lung Only (Raw Masked),0,0,Clean Normal,0.0,0.0
00000048_000.png,Normal,3. Unmasked DAE+CLAHE,0,0,Clean Normal,0.0,0.0
00000048_000.png,Normal,4. Segmented Lung + DAE+CLAHE (Combined),0,0,Clean Normal,0.0,0.0
00000049_001.png,Normal,1. Unmasked Raw CXR (Baseline),0,0,Clean Normal,0.0,0.0
00000049_001.png,Normal,2. Segmented Lung Only (Raw Masked),0,0,Clean Normal,0.0,0.0
00000049_001.png,Normal,3. Unmasked DAE+CLAHE,0,1,Clean Normal,0.0,0.0
00000049_001.png,Normal,4. Segmented Lung + DAE+CLAHE (Combined),0,0,Clean Normal,0.0,0.0
00000050_000.png,Normal,1. Unmasked Raw CXR (Baseline),0,1,False Alarm,0.0,0.0
00000050_000.png,Normal,2. Segmented Lung Only (Raw Masked),0,0,Clean Normal,0.0,0.0
00000050_000.png,Normal,3. Unmasked DAE+CLAHE,0,0,False Alarm,0.0,0.0
00000050_000.png,Normal,4. Segmented Lung + DAE+CLAHE (Combined),0,1,Clean Normal,0.0,0.0
00000052_000.png,Normal,1. Unmasked Raw CXR (Baseline),0,0,Clean Normal,0.0,0.0
00000052_000.png,Normal,2. Segmented Lung Only (Raw Masked),0,0,Clean Normal,0.0,0.0
00000052_000.png,Normal,3. Unmasked DAE+CLAHE,0,0,Clean Normal,0.0,0.0
00000052_000.png,Normal,4. Segmented Lung + DAE+CLAHE (Combined),0,0,Clean Normal,0.0,0.0
00000032_037.png,Infiltration,1. Unmasked Raw CXR (Baseline),1,0,Hit,9.4,0.1095
00000032_037.png,Infiltration,2. Segmented Lung Only (Raw Masked),1,1,Miss,12.76,0.1519
00000032_037.png,Infiltration,3. Unmasked DAE+CLAHE,1,1,Miss,4.25,0.0278
00000032_037.png,Infiltration,4. Segmented Lung + DAE+CLAHE (Combined),1,1,Hit,26.35,0.3272
00000211_016.png,Infiltration,1. Unmasked Raw CXR (Baseline),1,1,Miss,8.36,0.0723
00000211_016.png,Infiltration,2. Segmented Lung Only (Raw Masked),1,1,Miss,6.41,0.0283
00000211_016.png,Infiltration,3. Unmasked DAE+CLAHE,1,1,Miss,5.03,0.0408
00000211_016.png,Infiltration,4. Segmented Lung + DAE+CLAHE (Combined),1,1,Miss,4.83,0.0018
00000468_041.png,Infiltration,1. Unmasked Raw CXR (Baseline),1,1,Miss,1.16,0.0128
00000468_041.png,Infiltration,2. Segmented Lung Only (Raw Masked),1,1,Miss,2.92,0.0436
00000468_041.png,Infiltration,3. Unmasked DAE+CLAHE,1,1,Miss,1.03,0.0147
00000468_041.png,Infiltration,4. Segmented Lung + DAE+CLAHE (Combined),1,1,Miss,2.8,0.043
00001039_005.png,Infiltration,1. Unmasked Raw CXR (Baseline),1,1,Miss,4.88,0.0613
00001039_005.png,Infiltration,2. Segmented Lung Only (Raw Masked),1,1,Miss,2.52,0.0
00001039_005.png,Infiltration,3. Unmasked DAE+CLAHE,1,1,Miss,8.52,0.1126
00001039_005.png,Infiltration,4. Segmented Lung + DAE+CLAHE (Combined),1,1,Miss,2.57,0.0049
00001900_026.png,Infiltration,1. Unmasked Raw CXR (Baseline),1,1,Miss,6.49,0.0472
00001900_026.png,Infiltration,2. Segmented Lung Only (Raw Masked),1,1,Miss,12.14,0.1292
00001900_026.png,Infiltration,3. Unmasked DAE+CLAHE,1,1,Miss,6.35,0.0598
00001900_026.png,Infiltration,4. Segmented Lung + DAE+CLAHE (Combined),1,1,Miss,7.8,0.047
00002224_007.png,Infiltration,1. Unmasked Raw CXR (Baseline),1,1,Miss,8.45,0.1041
00002224_007.png,Infiltration,2. Segmented Lung Only (Raw Masked),1,1,Miss,7.67,0.0826
00002224_007.png,Infiltration,3. Unmasked DAE+CLAHE,1,1,Hit,8.06,0.0863
00002224_007.png,Infiltration,4. Segmented Lung + DAE+CLAHE (Combined),1,1,Miss,7.09,0.0739
00003149_007.png,Infiltration,1. Unmasked Raw CXR (Baseline),1,1,Miss,4.68,0.0329
00003149_007.png,Infiltration,2. Segmented Lung Only (Raw Masked),1,1,Miss,0.8,0.0
00003149_007.png,Infiltration,3. Unmasked DAE+CLAHE,1,0,Miss,6.92,0.0169
00003149_007.png,Infiltration,4. Segmented Lung + DAE+CLAHE (Combined),1,0,Miss,4.38,0.001
00003333_002.png,Infiltration,1. Unmasked Raw CXR (Baseline),1,1,Miss,22.66,0.2962
00003333_002.png,Infiltration,2. Segmented Lung Only (Raw Masked),1,1,Miss,24.99,0.2145
00003333_002.png,Infiltration,3. Unmasked DAE+CLAHE,1,1,Hit,17.45,0.1411
00003333_002.png,Infiltration,4. Segmented Lung + DAE+CLAHE (Combined),1,1,Miss,17.78,0.1634
00003973_008.png,Infiltration,1. Unmasked Raw CXR (Baseline),1,1,Miss,1.94,0.0
00003973_008.png,Infiltration,2. Segmented Lung Only (Raw Masked),1,1,Miss,4.53,0.0221
00003973_008.png,Infiltration,3. Unmasked DAE+CLAHE,1,1,Miss,0.46,0.0
00003973_008.png,Infiltration,4. Segmented Lung + DAE+CLAHE (Combined),1,1,Miss,6.11,0.0473
00005066_030.png,Infiltration,1. Unmasked Raw CXR (Baseline),1,1,Miss,6.24,0.0169
00005066_030.png,Infiltration,2. Segmented Lung Only (Raw Masked),1,0,Hit,19.78,0.1019
00005066_030.png,Infiltration,3. Unmasked DAE+CLAHE,1,1,Miss,24.42,0.2895
00005066_030.png,Infiltration,4. Segmented Lung + DAE+CLAHE (Combined),1,1,Miss,14.79,0.1006
00006096_010.png,Infiltration,1. Unmasked Raw CXR (Baseline),1,0,Miss,3.54,0.0145
00006096_010.png,Infiltration,2. Segmented Lung Only (Raw Masked),1,1,Hit,14.43,0.1893
00006096_010.png,Infiltration,3. Unmasked DAE+CLAHE,1,1,Miss,2.35,0.0081
00006096_010.png,Infiltration,4. Segmented Lung + DAE+CLAHE (Combined),1,1,Miss,3.78,0.0315
00006304_060.png,Infiltration,1. Unmasked Raw CXR (Baseline),1,1,Miss,0.58,0.0
00006304_060.png,Infiltration,2. Segmented Lung Only (Raw Masked),1,1,Miss,9.79,0.1115
00006304_060.png,Infiltration,3. Unmasked DAE+CLAHE,1,1,Miss,4.52,0.0399
00006304_060.png,Infiltration,4. Segmented Lung + DAE+CLAHE (Combined),1,1,Miss,10.0,0.1038
00006836_002.png,Infiltration,1. Unmasked Raw CXR (Baseline),1,1,Miss,6.77,0.0234
00006836_002.png,Infiltration,2. Segmented Lung Only (Raw Masked),1,1,Miss,14.62,0.1331
00006836_002.png,Infiltration,3. Unmasked DAE+CLAHE,1,1,Miss,17.46,0.2291
00006836_002.png,Infiltration,4. Segmented Lung + DAE+CLAHE (Combined),1,1,Miss,12.2,0.1059
00007124_006.png,Infiltration,1. Unmasked Raw CXR (Baseline),1,1,Miss,18.66,0.2039
00007124_006.png,Infiltration,2. Segmented Lung Only (Raw Masked),1,1,Miss,22.2,0.2559
00007124_006.png,Infiltration,3. Unmasked DAE+CLAHE,1,1,Miss,15.93,0.1573
00007124_006.png,Infiltration,4. Segmented Lung + DAE+CLAHE (Combined),1,1,Hit,25.81,0.2353
00008814_010.png,Infiltration,1. Unmasked Raw CXR (Baseline),1,1,Hit,20.1,0.2333
00008814_010.png,Infiltration,2. Segmented Lung Only (Raw Masked),1,1,Hit,23.67,0.2368
00008814_010.png,Infiltration,3. Unmasked DAE+CLAHE,1,1,Hit,21.11,0.2271
00008814_010.png,Infiltration,4. Segmented Lung + DAE+CLAHE (Combined),1,1,Hit,19.06,0.195
00009431_004.png,Infiltration,1. Unmasked Raw CXR (Baseline),1,1,Miss,1.93,0.0
00009431_004.png,Infiltration,2. Segmented Lung Only (Raw Masked),1,1,Miss,1.33,0.0
00009431_004.png,Infiltration,3. Unmasked DAE+CLAHE,1,1,Miss,10.54,0.0993
00009431_004.png,Infiltration,4. Segmented Lung + DAE+CLAHE (Combined),1,1,Miss,1.23,0.0
00010092_018.png,Infiltration,1. Unmasked Raw CXR (Baseline),1,1,Miss,1.42,0.0
00010092_018.png,Infiltration,2. Segmented Lung Only (Raw Masked),1,1,Miss,2.25,0.0168
00010092_018.png,Infiltration,3. Unmasked DAE+CLAHE,1,1,Miss,3.99,0.0643
00010092_018.png,Infiltration,4. Segmented Lung + DAE+CLAHE (Combined),1,1,Miss,3.49,0.0406
00010120_010.png,Infiltration,1. Unmasked Raw CXR (Baseline),1,1,Hit,57.7,0.3474
00010120_010.png,Infiltration,2. Segmented Lung Only (Raw Masked),1,1,Hit,61.74,0.5594
00010120_010.png,Infiltration,3. Unmasked DAE+CLAHE,1,1,Hit,42.76,0.3442
00010120_010.png,Infiltration,4. Segmented Lung + DAE+CLAHE (Combined),1,1,Hit,62.55,0.5918
00010230_001.png,Infiltration,1. Unmasked Raw CXR (Baseline),1,1,Miss,2.04,0.0
00010230_001.png,Infiltration,2. Segmented Lung Only (Raw Masked),1,1,Hit,8.83,0.0866
00010230_001.png,Infiltration,3. Unmasked DAE+CLAHE,1,0,Miss,0.91,0.0
00010230_001.png,Infiltration,4. Segmented Lung + DAE+CLAHE (Combined),1,1,Hit,10.14,0.0873
00010277_000.png,Infiltration,1. Unmasked Raw CXR (Baseline),1,1,Miss,27.58,0.2192
00010277_000.png,Infiltration,2. Segmented Lung Only (Raw Masked),1,1,Miss,28.62,0.252
00010277_000.png,Infiltration,3. Unmasked DAE+CLAHE,1,1,Hit,45.29,0.4952
00010277_000.png,Infiltration,4. Segmented Lung + DAE+CLAHE (Combined),1,1,Miss,24.2,0.1572
00010805_049.png,Infiltration,1. Unmasked Raw CXR (Baseline),1,0,Hit,17.28,0.1958
00010805_049.png,Infiltration,2. Segmented Lung Only (Raw Masked),1,1,Hit,32.37,0.324
00010805_049.png,Infiltration,3. Unmasked DAE+CLAHE,1,1,Hit,29.15,0.2583
00010805_049.png,Infiltration,4. Segmented Lung + DAE+CLAHE (Combined),1,1,Hit,24.27,0.2316
00010828_039.png,Infiltration,1. Unmasked Raw CXR (Baseline),1,1,Miss,5.81,0.0249
00010828_039.png,Infiltration,2. Segmented Lung Only (Raw Masked),1,1,Miss,16.1,0.1694
00010828_039.png,Infiltration,3. Unmasked DAE+CLAHE,1,1,Miss,10.72,0.1448
00010828_039.png,Infiltration,4. Segmented Lung + DAE+CLAHE (Combined),1,1,Hit,20.28,0.2194
00011023_004.png,Infiltration,1. Unmasked Raw CXR (Baseline),1,1,Hit,11.2,0.119
00011023_004.png,Infiltration,2. Segmented Lung Only (Raw Masked),1,0,Miss,14.59,0.1849
00011023_004.png,Infiltration,3. Unmasked DAE+CLAHE,1,1,Hit,10.02,0.1065
00011023_004.png,Infiltration,4. Segmented Lung + DAE+CLAHE (Combined),1,1,Miss,19.7,0.2226
00011124_000.png,Infiltration,1. Unmasked Raw CXR (Baseline),1,1,Miss,1.0,0.0
00011124_000.png,Infiltration,2. Segmented Lung Only (Raw Masked),1,1,Miss,2.65,0.036
00011124_000.png,Infiltration,3. Unmasked DAE+CLAHE,1,1,Miss,1.25,0.0073
00011124_000.png,Infiltration,4. Segmented Lung + DAE+CLAHE (Combined),1,1,Miss,4.47,0.0412
00011237_094.png,Infiltration,1. Unmasked Raw CXR (Baseline),1,1,Miss,22.49,0.2425
00011237_094.png,Infiltration,2. Segmented Lung Only (Raw Masked),1,1,Hit,24.28,0.1874
00011237_094.png,Infiltration,3. Unmasked DAE+CLAHE,1,1,Miss,20.27,0.2247
00011237_094.png,Infiltration,4. Segmented Lung + DAE+CLAHE (Combined),1,0,Miss,17.75,0.1468
00011269_018.png,Infiltration,1. Unmasked Raw CXR (Baseline),1,1,Miss,7.91,0.0248
00011269_018.png,Infiltration,2. Segmented Lung Only (Raw Masked),1,1,Miss,11.04,0.117
00011269_018.png,Infiltration,3. Unmasked DAE+CLAHE,1,1,Miss,8.49,0.0944
00011269_018.png,Infiltration,4. Segmented Lung + DAE+CLAHE (Combined),1,1,Hit,21.62,0.2218
00011366_002.png,Infiltration,1. Unmasked Raw CXR (Baseline),1,1,Hit,46.51,0.3507
00011366_002.png,Infiltration,2. Segmented Lung Only (Raw Masked),1,1,Hit,65.78,0.4541
00011366_002.png,Infiltration,3. Unmasked DAE+CLAHE,1,1,Miss,48.58,0.142
00011366_002.png,Infiltration,4. Segmented Lung + DAE+CLAHE (Combined),1,1,Hit,58.49,0.4465
00011925_072.png,Infiltration,1. Unmasked Raw CXR (Baseline),1,1,Miss,11.5,0.1245
00011925_072.png,Infiltration,2. Segmented Lung Only (Raw Masked),1,1,Miss,32.26,0.3475
00011925_072.png,Infiltration,3. Unmasked DAE+CLAHE,1,1,Miss,8.28,0.0218
00011925_072.png,Infiltration,4. Segmented Lung + DAE+CLAHE (Combined),1,1,Hit,39.49,0.4349
00012021_054.png,Infiltration,1. Unmasked Raw CXR (Baseline),1,1,Hit,18.84,0.2445
00012021_054.png,Infiltration,2. Segmented Lung Only (Raw Masked),1,1,Miss,5.82,0.0
00012021_054.png,Infiltration,3. Unmasked DAE+CLAHE,1,1,Hit,13.87,0.1062
00012021_054.png,Infiltration,4. Segmented Lung + DAE+CLAHE (Combined),1,1,Hit,23.02,0.2537
00012364_045.png,Infiltration,1. Unmasked Raw CXR (Baseline),1,1,Miss,5.36,0.0051
00012364_045.png,Infiltration,2. Segmented Lung Only (Raw Masked),1,1,Miss,22.3,0.2337
00012364_045.png,Infiltration,3. Unmasked DAE+CLAHE,1,1,Miss,7.81,0.0599
00012364_045.png,Infiltration,4. Segmented Lung + DAE+CLAHE (Combined),1,1,Hit,23.11,0.2155
