split,image,label
train,00026301_000.png,Infiltration
train,00002918_000.png,Normal
train,00030355_001.png,Normal
train,00005347_000.png,Normal
train,00022341_004.png,Infiltration
train,00013888_004.png,Normal
train,00015503_001.png,Normal
train,00018186_006.png,Normal
train,00022309_008.png,Infiltration
train,00016109_010.png,Normal
train,00009321_011.png,Normal
train,00028189_000.png,Infiltration
train,00026963_021.png,Infiltration
train,00000205_001.png,Infiltration
train,00012957_009.png,Infiltration
train,00015327_005.png,Normal
train,00012219_012.png,Normal
train,00020900_015.png,Normal
train,00004651_003.png,Normal
train,00005274_000.png,Normal
train,00023043_001.png,Infiltration
train,00001772_006.png,Normal
train,00011632_026.png,Infiltration
train,00008468_056.png,Normal
train,00016298_001.png,Normal
train,00019007_003.png,Infiltration
train,00011167_008.png,Infiltration
train,00003507_000.png,Normal
train,00016885_003.png,Infiltration
train,00004123_003.png,Infiltration
train,00026402_000.png,Infiltration
train,00018027_013.png,Infiltration
train,00004857_036.png,Infiltration
train,00012542_000.png,Normal
train,00010760_002.png,Normal
train,00008969_003.png,Normal
train,00012144_008.png,Normal
train,00015904_001.png,Infiltration
train,00015564_006.png,Normal
train,00013429_004.png,Normal
train,00014146_003.png,Normal
train,00014486_000.png,Infiltration
train,00011333_000.png,Normal
train,00025195_000.png,Infiltration
train,00007967_000.png,Normal
train,00011916_000.png,Normal
train,00019087_015.png,Infiltration
train,00010507_002.png,Normal
train,00007745_004.png,Normal
train,00000217_000.png,Normal
train,00017773_000.png,Normal
train,00026489_001.png,Infiltration
train,00023653_000.png,Normal
train,00015417_001.png,Normal
train,00019785_025.png,Infiltration
train,00011587_013.png,Normal
train,00026678_000.png,Infiltration
train,00020326_102.png,Infiltration
train,00021725_001.png,Infiltration
train,00000465_001.png,Normal
train,00017633_000.png,Infiltration
train,00013557_014.png,Normal
train,00002572_002.png,Normal
train,00009182_002.png,Infiltration
train,00013003_012.png,Infiltration
train,00018229_000.png,Infiltration
train,00005832_011.png,Infiltration
train,00008808_002.png,Normal
train,00017605_010.png,Infiltration
train,00010576_000.png,Infiltration
train,00006679_014.png,Infiltration
train,00000367_000.png,Infiltration
train,00025101_000.png,Infiltration
train,00013808_001.png,Normal
train,00022156_000.png,Normal
train,00021172_000.png,Normal
train,00000132_006.png,Infiltration
train,00026430_000.png,Infiltration
train,00027233_000.png,Normal
train,00015647_027.png,Infiltration
train,00017044_006.png,Infiltration
train,00010641_000.png,Normal
train,00023120_001.png,Infiltration
train,00018330_000.png,Infiltration
train,00000799_000.png,Infiltration
train,00028657_002.png,Normal
train,00018494_002.png,Infiltration
train,00014892_000.png,Normal
train,00020139_002.png,Infiltration
train,00006996_013.png,Infiltration
train,00027700_001.png,Normal
train,00022814_000.png,Infiltration
train,00022065_024.png,Normal
train,00001338_002.png,Infiltration
train,00019576_060.png,Normal
train,00002888_000.png,Normal
train,00025600_002.png,Normal
train,00025924_013.png,Normal
train,00019551_006.png,Infiltration
train,00014208_005.png,Normal
train,00005778_034.png,Normal
train,00001722_003.png,Normal
train,00023045_003.png,Infiltration
train,00018911_000.png,Normal
train,00012031_000.png,Normal
train,00028762_000.png,Infiltration
train,00000502_005.png,Infiltration
train,00019036_000.png,Infiltration
train,00021499_011.png,Infiltration
train,00024413_000.png,Normal
train,00004961_001.png,Infiltration
train,00000635_001.png,Infiltration
train,00030519_002.png,Infiltration
train,00023050_002.png,Infiltration
train,00014823_000.png,Normal
train,00002344_008.png,Normal
train,00005069_011.png,Infiltration
train,00010471_002.png,Infiltration
train,00027297_006.png,Normal
train,00001922_002.png,Normal
train,00003206_000.png,Infiltration
train,00026732_000.png,Infiltration
train,00027160_000.png,Infiltration
train,00010063_000.png,Normal
train,00017158_030.png,Infiltration
train,00002493_000.png,Normal
train,00016166_005.png,Normal
train,00019643_000.png,Infiltration
train,00012293_000.png,Infiltration
train,00016831_001.png,Infiltration
train,00005920_004.png,Infiltration
train,00021646_000.png,Normal
train,00020904_006.png,Normal
train,00008682_000.png,Normal
train,00015020_000.png,Normal
train,00013064_001.png,Normal
train,00002532_000.png,Normal
train,00000939_000.png,Normal
train,00005099_006.png,Normal
train,00000621_004.png,Infiltration
train,00030220_001.png,Infiltration
train,00011948_003.png,Normal
train,00003022_005.png,Normal
train,00026171_000.png,Infiltration
train,00022245_014.png,Infiltration
train,00022957_007.png,Normal
train,00025355_001.png,Infiltration
train,00012392_011.png,Normal
train,00029977_002.png,Infiltration
train,00025290_033.png,Infiltration
train,00001278_020.png,Normal
train,00029541_000.png,Infiltration
train,00021713_000.png,Normal
train,00006724_003.png,Infiltration
train,00007172_002.png,Normal
train,00003276_003.png,Infiltration
train,00017249_000.png,Normal
train,00011029_001.png,Normal
train,00010270_002.png,Normal
train,00002571_000.png,Normal
train,00020286_027.png,Normal
train,00004668_003.png,Normal
train,00002925_000.png,Infiltration
train,00027044_004.png,Normal
train,00007862_006.png,Infiltration
train,00026447_000.png,Infiltration
train,00025577_000.png,Infiltration
train,00013726_002.png,Normal
train,00007515_001.png,Infiltration
train,00013601_023.png,Normal
train,00025713_000.png,Infiltration
train,00018877_001.png,Infiltration
train,00005400_001.png,Infiltration
train,00004299_007.png,Normal
train,00001362_002.png,Infiltration
train,00000869_000.png,Normal
train,00017672_000.png,Normal
train,00016311_003.png,Normal
train,00013641_036.png,Infiltration
train,00026236_019.png,Infiltration
train,00019442_003.png,Infiltration
train,00015572_004.png,Infiltration
train,00006342_006.png,Infiltration
train,00028485_006.png,Infiltration
train,00024991_000.png,Normal
train,00006065_000.png,Normal
train,00017858_007.png,Infiltration
train,00004132_004.png,Infiltration
train,00000485_000.png,Infiltration
train,00011822_001.png,Normal
train,00007624_048.png,Normal
train,00005081_005.png,Infiltration
train,00018459_001.png,Infiltration
train,00014820_001.png,Normal
train,00006741_001.png,Normal
train,00022846_001.png,Infiltration
train,00027799_000.png,Infiltration
train,00026181_001.png,Normal
train,00016652_000.png,Infiltration
train,00013799_007.png,Infiltration
train,00010693_018.png,Normal
train,00007087_000.png,Normal
train,00010459_001.png,Infiltration
train,00030652_003.png,Infiltration
train,00007449_000.png,Normal
train,00006450_006.png,Normal
train,00002548_001.png,Infiltration
train,00025476_001.png,Infiltration
train,00026099_012.png,Infiltration
train,00011773_000.png,Normal
train,00012411_000.png,Normal
train,00006634_001.png,Normal
train,00011140_018.png,Infiltration
train,00001210_002.png,Infiltration
train,00017546_016.png,Normal
train,00020220_000.png,Infiltration
train,00020565_000.png,Infiltration
train,00005307_002.png,Infiltration
train,00027415_057.png,Infiltration
train,00003392_019.png,Normal
train,00016180_000.png,Normal
train,00017635_004.png,Infiltration
train,00019894_041.png,Normal
train,00015743_000.png,Normal
train,00013036_000.png,Normal
train,00017691_021.png,Infiltration
train,00007858_001.png,Normal
train,00011971_010.png,Infiltration
train,00014423_001.png,Normal
train,00014702_000.png,Normal
train,00017845_000.png,Infiltration
train,00011885_009.png,Infiltration
train,00002492_014.png,Infiltration
train,00028902_004.png,Infiltration
train,00028683_001.png,Infiltration
train,00018554_002.png,Normal
train,00029900_003.png,Infiltration
train,00020506_000.png,Infiltration
train,00008669_002.png,Infiltration
train,00028122_003.png,Infiltration
train,00015573_002.png,Normal
train,00015393_001.png,Normal
train,00022380_005.png,Normal
train,00016728_001.png,Normal
train,00006758_003.png,Normal
train,00027604_001.png,Infiltration
train,00025238_000.png,Infiltration
train,00026440_000.png,Normal
train,00000460_000.png,Infiltration
train,00028289_000.png,Normal
train,00000781_003.png,Normal
train,00021484_003.png,Infiltration
train,00028271_000.png,Infiltration
train,00013616_031.png,Infiltration
train,00026199_006.png,Infiltration
train,00011596_000.png,Normal
train,00020894_002.png,Normal
train,00025875_000.png,Infiltration
train,00025140_000.png,Infiltration
train,00021651_012.png,Normal
train,00026031_003.png,Infiltration
train,00004798_004.png,Infiltration
train,00021361_002.png,Infiltration
train,00027388_000.png,Infiltration
train,00022965_005.png,Normal
train,00003659_002.png,Infiltration
train,00005403_025.png,Infiltration
train,00009842_006.png,Normal
train,00018192_001.png,Normal
train,00011869_000.png,Normal
train,00030547_003.png,Normal
train,00018489_000.png,Normal
train,00012863_017.png,Infiltration
train,00015326_003.png,Normal
train,00006064_000.png,Normal
train,00022146_000.png,Infiltration
train,00012501_000.png,Normal
train,00006296_018.png,Infiltration
train,00005528_000.png,Infiltration
train,00018388_003.png,Normal
train,00005386_004.png,Normal
train,00009302_022.png,Infiltration
train,00014709_004.png,Infiltration
train,00016134_016.png,Normal
train,00000741_000.png,Infiltration
train,00022443_000.png,Infiltration
train,00017614_000.png,Infiltration
train,00010531_071.png,Infiltration
train,00021954_005.png,Normal
train,00019060_001.png,Normal
train,00008701_040.png,Infiltration
train,00006289_000.png,Infiltration
train,00014646_002.png,Infiltration
train,00013169_000.png,Normal
train,00004303_000.png,Normal
train,00025683_003.png,Normal
train,00002600_001.png,Infiltration
train,00019407_010.png,Normal
train,00008362_023.png,Infiltration
train,00015999_000.png,Infiltration
train,00006499_000.png,Normal
train,00022446_001.png,Infiltration
train,00003758_005.png,Normal
train,00015911_006.png,Infiltration
train,00008892_000.png,Normal
train,00016512_000.png,Normal
train,00001088_010.png,Normal
train,00016934_030.png,Normal
train,00024475_000.png,Normal
train,00011144_005.png,Infiltration
train,00028987_018.png,Infiltration
train,00002448_001.png,Normal
train,00018557_008.png,Infiltration
train,00016995_000.png,Normal
train,00011021_021.png,Normal
train,00020144_001.png,Normal
train,00008810_000.png,Normal
train,00023160_012.png,Normal
train,00012422_000.png,Normal
train,00016737_004.png,Normal
validation,00019297_001.png,Normal
validation,00003601_010.png,Normal
validation,00015355_004.png,Normal
validation,00007009_000.png,Normal
validation,00005917_000.png,Normal
validation,00001414_000.png,Normal
validation,00011796_002.png,Normal
validation,00022283_001.png,Normal
validation,00018886_001.png,Normal
validation,00008446_000.png,Normal
validation,00003013_000.png,Normal
validation,00024034_000.png,Normal
validation,00014352_007.png,Normal
validation,00003545_000.png,Normal
validation,00018423_000.png,Normal
validation,00030339_003.png,Normal
validation,00027196_013.png,Normal
validation,00005784_000.png,Normal
validation,00017555_001.png,Normal
validation,00007459_002.png,Normal
validation,00015711_000.png,Normal
validation,00027071_000.png,Normal
validation,00019967_003.png,Normal
validation,00016677_001.png,Normal
validation,00026863_007.png,Normal
validation,00019299_014.png,Normal
validation,00003570_003.png,Normal
validation,00029035_008.png,Normal
validation,00018835_000.png,Normal
validation,00021280_000.png,Normal
validation,00011446_009.png,Normal
validation,00010756_001.png,Normal
validation,00014195_000.png,Normal
validation,00007470_002.png,Normal
validation,00001744_000.png,Normal
validation,00012989_001.png,Normal
validation,00019052_000.png,Normal
validation,00016767_000.png,Normal
validation,00023404_000.png,Normal
validation,00013177_004.png,Normal
validation,00004636_000.png,Infiltration
validation,00000458_001.png,Infiltration
validation,00008064_002.png,Infiltration
validation,00027865_000.png,Infiltration
validation,00004802_000.png,Infiltration
validation,00019837_000.png,Infiltration
validation,00018997_002.png,Infiltration
validation,00010995_013.png,Infiltration
validation,00022208_002.png,Infiltration
validation,00014678_001.png,Infiltration
validation,00027100_000.png,Infiltration
validation,00020826_024.png,Infiltration
validation,00010315_008.png,Infiltration
validation,00022604_024.png,Infiltration
validation,00003004_001.png,Infiltration
validation,00007354_007.png,Infiltration
validation,00020513_008.png,Infiltration
validation,00007160_003.png,Infiltration
validation,00024889_000.png,Infiltration
validation,00022300_000.png,Infiltration
validation,00020206_000.png,Infiltration
validation,00027465_017.png,Infiltration
validation,00000331_000.png,Infiltration
validation,00016077_002.png,Infiltration
validation,00008067_007.png,Infiltration
validation,00028020_006.png,Infiltration
validation,00023313_003.png,Infiltration
validation,00018975_001.png,Infiltration
validation,00025110_001.png,Infiltration
validation,00008352_001.png,Infiltration
validation,00028765_021.png,Infiltration
validation,00008745_021.png,Infiltration
validation,00025568_000.png,Infiltration
validation,00020490_000.png,Infiltration
validation,00020487_000.png,Infiltration
validation,00025581_000.png,Infiltration
validation,00024827_001.png,Infiltration
validation,00000529_001.png,Infiltration
validation,00025925_001.png,Infiltration
validation,00022469_000.png,Infiltration
test,00000246_000.png,Normal
test,00001039_002.png,Normal
test,00001836_126.png,Normal
test,00003948_002.png,Normal
test,00004893_060.png,Normal
test,00005962_010.png,Normal
test,00006425_015.png,Normal
test,00008397_017.png,Normal
test,00008522_060.png,Normal
test,00008841_040.png,Normal
test,00009229_020.png,Normal
test,00010959_005.png,Normal
test,00011018_000.png,Normal
test,00011402_015.png,Normal
test,00011583_019.png,Normal
test,00011683_009.png,Normal
test,00013461_006.png,Normal
test,00014125_016.png,Normal
test,00014246_001.png,Normal
test,00015171_011.png,Normal
test,00015530_077.png,Normal
test,00015732_063.png,Normal
test,00016732_031.png,Normal
test,00016807_001.png,Normal
test,00017138_025.png,Normal
test,00017582_001.png,Normal
test,00018865_013.png,Normal
test,00019124_123.png,Normal
test,00019861_023.png,Normal
test,00020408_009.png,Normal
test,00021381_011.png,Normal
test,00021782_012.png,Normal
test,00022155_001.png,Normal
test,00023065_020.png,Normal
test,00023162_020.png,Normal
test,00026971_019.png,Normal
test,00028137_000.png,Normal
test,00028317_003.png,Normal
test,00028666_004.png,Normal
test,00028773_000.png,Normal
test,00028800_000.png,Normal
test,00028959_000.png,Normal
test,00029055_000.png,Normal
test,00029125_001.png,Normal
test,00029669_002.png,Normal
test,00029751_000.png,Normal
test,00029880_010.png,Normal
test,00030033_000.png,Normal
test,00030111_010.png,Normal
test,00030265_000.png,Normal
test,00000181_046.png,Infiltration
test,00001006_010.png,Infiltration
test,00001946_031.png,Infiltration
test,00002300_016.png,Infiltration
test,00002316_005.png,Infiltration
test,00003239_000.png,Infiltration
test,00003789_005.png,Infiltration
test,00004381_035.png,Infiltration
test,00005944_000.png,Infiltration
test,00006271_102.png,Infiltration
test,00007034_029.png,Infiltration
test,00007632_001.png,Infiltration
test,00009237_000.png,Infiltration
test,00009507_017.png,Infiltration
test,00009608_053.png,Infiltration
test,00010625_017.png,Infiltration
test,00010805_024.png,Infiltration
test,00011237_063.png,Infiltration
test,00012021_075.png,Infiltration
test,00012087_013.png,Infiltration
test,00012094_063.png,Infiltration
test,00012364_031.png,Infiltration
test,00013310_035.png,Infiltration
test,00013377_022.png,Infiltration
test,00013520_000.png,Infiltration
test,00013625_017.png,Infiltration
test,00013685_035.png,Infiltration
test,00016064_019.png,Infiltration
test,00016291_040.png,Infiltration
test,00017236_082.png,Infiltration
test,00017405_004.png,Infiltration
test,00017714_005.png,Infiltration
test,00018360_030.png,Infiltration
test,00018762_000.png,Infiltration
test,00018867_020.png,Infiltration
test,00019766_030.png,Infiltration
test,00020213_022.png,Infiltration
test,00021070_002.png,Infiltration
test,00021321_008.png,Infiltration
test,00021926_010.png,Infiltration
test,00022572_024.png,Infiltration
test,00022899_031.png,Infiltration
test,00026474_004.png,Infiltration
test,00026818_021.png,Infiltration
test,00027213_036.png,Infiltration
test,00027726_012.png,Infiltration
test,00028774_042.png,Infiltration
test,00030079_068.png,Infiltration
test,00030323_053.png,Infiltration
test,00030637_023.png,Infiltration
