condition_id,stratum,metric,n_images,n_patients,mean,ci_low,ci_high
baseline,overall,pointing_hit,123,115,0.1056910569105691,0.056910569105691,0.1626016260162601
baseline,overall,energy_inside,123,115,0.1120325219855318,0.0930989861436877,0.131619601984613
baseline,overall,iou_0.3,123,115,0.0035848583914395,0.0026728127417905,0.0047233726056388
baseline,overall,iou_0.5,123,115,0.0003920727275177,0.0002593932507341,0.0005649044076085
baseline,pure,pointing_hit,19,18,0.1052631578947368,0.0,0.2631578947368421
baseline,pure,energy_inside,19,18,0.0844803509351454,0.0493856299339631,0.1384850364302594
baseline,pure,iou_0.3,19,18,0.0049086285947475,0.0025690190029223,0.0076960373526888
baseline,pure,iou_0.5,19,18,0.0006303914634618,0.0002743860871256,0.0010572834132545
baseline,mixed_high_risk,pointing_hit,64,61,0.078125,0.015625,0.1451612903225806
baseline,mixed_high_risk,energy_inside,64,61,0.0895270177861675,0.0726388437332878,0.1073675270030071
baseline,mixed_high_risk,iou_0.3,64,61,0.0028291198022406,0.0019306138075018,0.003817797499927
baseline,mixed_high_risk,iou_0.5,64,61,0.0002669911431313,0.0001467720471685,0.000406327177264
baseline,mixed_low_risk,pointing_hit,40,38,0.15,0.05125,0.2631578947368421
baseline,mixed_low_risk,energy_inside,40,38,0.1611286099534482,0.1201042778583775,0.2080526559078543
baseline,mixed_low_risk,iou_0.3,40,38,0.0041652492875864,0.0021335618708353,0.0067349660150393
baseline,mixed_low_risk,iou_0.5,40,38,0.0004790018629623,0.0001622103397341,0.0009052844668965
median_L1,overall,pointing_hit,123,115,0.08130081300813,0.0396825396825396,0.1311746375829832
median_L1,overall,energy_inside,123,115,0.1148830546838481,0.0957091432866901,0.1351299067272388
median_L1,overall,iou_0.3,123,115,0.0035724637525075,0.002690071831694,0.0045360216902383
median_L1,overall,iou_0.5,123,115,0.0003591410602639,0.0002472222233545,0.0004857250987738
median_L1,pure,pointing_hit,19,18,0.1052631578947368,0.0,0.2631578947368421
median_L1,pure,energy_inside,19,18,0.0828056175653871,0.0479690464446321,0.1372545747707286
median_L1,pure,iou_0.3,19,18,0.0055954063538566,0.003253447747787,0.0078318471919631
median_L1,pure,iou_0.5,19,18,0.0005056284698035,0.0002444564728475,0.0007884056194714
median_L1,mixed_high_risk,pointing_hit,64,61,0.0625,0.0151515151515151,0.1290322580645161
median_L1,mixed_high_risk,energy_inside,64,61,0.0935304831073153,0.0745124529226898,0.1135679780627556
median_L1,mixed_high_risk,iou_0.3,64,61,0.0028956504679257,0.0019137126230325,0.0040742079381284
median_L1,mixed_high_risk,iou_0.5,64,61,0.000304587890613,0.000185371295227,0.000439885056106
median_L1,mixed_low_risk,pointing_hit,40,38,0.1,0.024390243902439,0.2051282051282051
median_L1,mixed_low_risk,energy_inside,40,38,0.1642839518375694,0.1230720843438331,0.21164644761734
median_L1,mixed_low_risk,iou_0.3,40,38,0.0036944672721977,0.0021967805172519,0.0058117332713354
median_L1,mixed_low_risk,iou_0.5,40,38,0.0003768446121738,0.0001621207413536,0.0006820325978928
median_L2,overall,pointing_hit,123,115,0.1300813008130081,0.0743801652892562,0.1935483870967742
median_L2,overall,energy_inside,123,115,0.1150426885370558,0.0952878405534835,0.1358763378647078
median_L2,overall,iou_0.3,123,115,0.004101715526357,0.002971878712824,0.0053392353156269
median_L2,overall,iou_0.5,123,115,0.0005089961616113,0.0003254246338005,0.0007207352445439
median_L2,pure,pointing_hit,19,18,0.1578947368421052,0.0,0.3333333333333333
median_L2,pure,energy_inside,19,18,0.0829178238483636,0.0490068720629825,0.1368279580232531
median_L2,pure,iou_0.3,19,18,0.0052389722452326,0.0021519450639114,0.0091968707699275
median_L2,pure,iou_0.5,19,18,0.0006400182940203,0.0001741344982034,0.0013213564926094
median_L2,mixed_high_risk,pointing_hit,64,61,0.125,0.046875,0.2096774193548387
median_L2,mixed_high_risk,energy_inside,64,61,0.0937993393890792,0.075592997840431,0.114130042843698
median_L2,mixed_high_risk,iou_0.3,64,61,0.0041755076920181,0.0026271386846055,0.0058854211686921
median_L2,mixed_high_risk,iou_0.5,64,61,0.0005377233891183,0.0003012545821748,0.0008155180263226
median_L2,mixed_low_risk,pointing_hit,40,38,0.125,0.0256410256410256,0.2368421052631578
median_L2,mixed_low_risk,energy_inside,40,38,0.1642913579009473,0.121247891743768,0.2131486119212288
median_L2,mixed_low_risk,iou_0.3,40,38,0.0034434511198333,0.0019339729657894,0.0054395675213013
median_L2,mixed_low_risk,iou_0.5,40,38,0.000400797084706,0.0001581585806895,0.0007939004902338
median_L3,overall,pointing_hit,123,115,0.1382113821138211,0.0806451612903225,0.2049180327868852
median_L3,overall,energy_inside,123,115,0.11725656809361,0.096958929624897,0.1383579787702275
median_L3,overall,iou_0.3,123,115,0.0040059025126296,0.0027931579812957,0.0054753743375109
median_L3,overall,iou_0.5,123,115,0.0005432544547633,0.0003083620891749,0.0008414026016087
median_L3,pure,pointing_hit,19,18,0.2105263157894736,0.05,0.3888888888888889
median_L3,pure,energy_inside,19,18,0.0847636762222177,0.0502851854851986,0.1398323242474967
median_L3,pure,iou_0.3,19,18,0.0054676093946526,0.0026031733196973,0.0088219259105919
median_L3,pure,iou_0.5,19,18,0.0008273417184472,0.0002878044617257,0.0014753368109197
median_L3,mixed_high_risk,pointing_hit,64,61,0.09375,0.0307692307692307,0.1746031746031746
median_L3,mixed_high_risk,energy_inside,64,61,0.0951785744982771,0.0758661777593079,0.1170350352249876
median_L3,mixed_high_risk,iou_0.3,64,61,0.0029327633944203,0.0017533889968831,0.0044614828142759
median_L3,mixed_high_risk,iou_0.5,64,61,0.0003518944009017,0.0001585402254062,0.0006209061283165
median_L3,mixed_low_risk,pointing_hit,40,38,0.175,0.0697278012684989,0.3
median_L3,mixed_low_risk,energy_inside,40,38,0.1680154814850539,0.1257126985955983,0.2166846414789175
median_L3,mixed_low_risk,iou_0.3,40,38,0.0050286143328035,0.0025981426578035,0.0083570920956065
median_L3,mixed_low_risk,iou_0.5,40,38,0.000714489090692,0.000219963045077,0.0014464656226886
clahe_dwt_L1,overall,pointing_hit,123,115,0.1219512195121951,0.0691949152542373,0.1825396825396825
clahe_dwt_L1,overall,energy_inside,123,115,0.109468001429355,0.0919591085623125,0.1282773447784165
clahe_dwt_L1,overall,iou_0.3,123,115,0.0026661553216203,0.0020012528278194,0.0034163665171747
clahe_dwt_L1,overall,iou_0.5,123,115,0.0003153976085277,0.0002021712897428,0.0004464035644156
clahe_dwt_L1,pure,pointing_hit,19,18,0.1578947368421052,0.0,0.3333333333333333
clahe_dwt_L1,pure,energy_inside,19,18,0.0800350729229026,0.0479280907971163,0.1303790654886203
clahe_dwt_L1,pure,iou_0.3,19,18,0.0032651304117586,0.0013779899639488,0.0056091527065641
clahe_dwt_L1,pure,iou_0.5,19,18,0.00035456589715,6.581510810728546e-05,0.0007700652722872
clahe_dwt_L1,mixed_high_risk,pointing_hit,64,61,0.046875,0.0,0.1044776119402985
clahe_dwt_L1,mixed_high_risk,energy_inside,64,61,0.090668976350571,0.0724832457484465,0.1109314202600405
clahe_dwt_L1,mixed_high_risk,iou_0.3,64,61,0.0021866153633174,0.001520816833496,0.0029633341056895
clahe_dwt_L1,mixed_high_risk,iou_0.5,64,61,0.0002560256304437,0.0001354773500104,0.0003998462398394
clahe_dwt_L1,mixed_low_risk,pointing_hit,40,38,0.225,0.1,0.358974358974359
clahe_dwt_L1,mixed_low_risk,energy_inside,40,38,0.1535270825959742,0.1150798607393453,0.1956499726658588
clahe_dwt_L1,mixed_low_risk,iou_0.3,40,38,0.0031489060870892,0.0019095622735828,0.0046794273006929
clahe_dwt_L1,mixed_low_risk,iou_0.5,40,38,0.0003917878363666,0.0001953472522991,0.0006594817836062
clahe_dwt_L2,overall,pointing_hit,123,115,0.1382113821138211,0.0806451612903225,0.2016129032258064
clahe_dwt_L2,overall,energy_inside,123,115,0.1184851234756046,0.0985471655301467,0.1399334140847481
clahe_dwt_L2,overall,iou_0.3,123,115,0.0023919315248186,0.0018240698908571,0.002977460412591
clahe_dwt_L2,overall,iou_0.5,123,115,0.0002545051718737,0.0001760296539622,0.0003304910345554
clahe_dwt_L2,pure,pointing_hit,19,18,0.1578947368421052,0.0,0.3333333333333333
clahe_dwt_L2,pure,energy_inside,19,18,0.0825698401435817,0.0489994766319998,0.1371677478104054
clahe_dwt_L2,pure,iou_0.3,19,18,0.0021720427618091,0.0010122540298009,0.0034935548324312
clahe_dwt_L2,pure,iou_0.5,19,18,0.0002907857504809,0.0001257122551161,0.0004807509158592
clahe_dwt_L2,mixed_high_risk,pointing_hit,64,61,0.109375,0.0454545454545454,0.1846153846153846
clahe_dwt_L2,mixed_high_risk,energy_inside,64,61,0.0982894542248686,0.0778677284111777,0.1207023411836316
clahe_dwt_L2,mixed_high_risk,iou_0.3,64,61,0.0023701189037401,0.001592354238763,0.0032116509695324
clahe_dwt_L2,mixed_high_risk,iou_0.5,64,61,0.0002418796592082,0.0001379909786703,0.0003713387492498
clahe_dwt_L2,mixed_low_risk,pointing_hit,40,38,0.175,0.0526315789473684,0.3
clahe_dwt_L2,mixed_low_risk,energy_inside,40,38,0.1678579538594931,0.1243520071358597,0.2170669088401354
clahe_dwt_L2,mixed_low_risk,iou_0.3,40,38,0.0025312788809737,0.0015752721912457,0.0035263929935739
clahe_dwt_L2,mixed_low_risk,iou_0.5,40,38,0.0002574727173001,0.0001395963404868,0.000380422847401
clahe_dwt_L3,overall,pointing_hit,123,115,0.1300813008130081,0.0743801652892562,0.1900826446280991
clahe_dwt_L3,overall,energy_inside,123,115,0.10949938408879,0.0912968795950039,0.1293980985124886
clahe_dwt_L3,overall,iou_0.3,123,115,0.001676722209407,0.0012013285318708,0.0021884975172438
clahe_dwt_L3,overall,iou_0.5,123,115,0.0002141920475104,0.0001450858594547,0.0002854675324396
clahe_dwt_L3,pure,pointing_hit,19,18,0.0526315789473684,0.0,0.1666666666666666
clahe_dwt_L3,pure,energy_inside,19,18,0.0775071380561903,0.0454853576582132,0.1274089138463346
clahe_dwt_L3,pure,iou_0.3,19,18,0.0025008350519569,0.001254231665931,0.0037993070359341
clahe_dwt_L3,pure,iou_0.5,19,18,0.0002962571996058,0.0001176838289607,0.00051222850735
clahe_dwt_L3,mixed_high_risk,pointing_hit,64,61,0.15625,0.0769230769230769,0.2461538461538461
clahe_dwt_L3,mixed_high_risk,energy_inside,64,61,0.0953008231008425,0.0745036052759602,0.1190267306099544
clahe_dwt_L3,mixed_high_risk,iou_0.3,64,61,0.0018681703444816,0.0011643799020761,0.002728433329127
clahe_dwt_L3,mixed_high_risk,iou_0.5,64,61,0.0002519528574196,0.0001493674606978,0.0003780850255247
clahe_dwt_L3,mixed_low_risk,pointing_hit,40,38,0.125,0.025625,0.2307692307692307
clahe_dwt_L3,mixed_low_risk,energy_inside,40,38,0.1474133985349908,0.1076527360048913,0.1907597551281613
clahe_dwt_L3,mixed_low_risk,iou_0.3,40,38,0.0009789515930765,0.0004847850610294,0.0016091627398286
clahe_dwt_L3,mixed_low_risk,iou_0.5,40,38,0.0001147938044103,4.745813682404093e-05,0.000193616936924
dae_clahe_L1,overall,pointing_hit,123,115,0.1707317073170731,0.1056697482297403,0.24
dae_clahe_L1,overall,energy_inside,123,115,0.1240113106578952,0.1040690990395063,0.1452589291455147
dae_clahe_L1,overall,iou_0.3,123,115,0.0046372461580352,0.0036021190149157,0.0057828541976561
dae_clahe_L1,overall,iou_0.5,123,115,0.0005420365971079,0.0003590591724882,0.0007569938826529
dae_clahe_L1,pure,pointing_hit,19,18,0.1578947368421052,0.0,0.3333333333333333
dae_clahe_L1,pure,energy_inside,19,18,0.0850490758097485,0.0508747746864312,0.1378919317739694
dae_clahe_L1,pure,iou_0.3,19,18,0.003437275553854,0.0015803673290565,0.0055550175571466
dae_clahe_L1,pure,iou_0.5,19,18,0.0003208310086199,9.03771497539088e-05,0.0005980474387841
dae_clahe_L1,mixed_high_risk,pointing_hit,64,61,0.125,0.046875,0.21875
dae_clahe_L1,mixed_high_risk,energy_inside,64,61,0.1063939862506231,0.0846077515793943,0.1292150967145481
dae_clahe_L1,mixed_high_risk,iou_0.3,64,61,0.0048902707095135,0.0035407654038108,0.0065910162012784
dae_clahe_L1,mixed_high_risk,iou_0.5,64,61,0.0005834641214909,0.0003314501850465,0.0009071808968704
dae_clahe_L1,mixed_low_risk,pointing_hit,40,38,0.25,0.125,0.3846153846153846
dae_clahe_L1,mixed_low_risk,energy_inside,40,38,0.1707060912624001,0.127847693397141,0.2184023932386667
dae_clahe_L1,mixed_low_risk,iou_0.3,40,38,0.004802392912656,0.0031561777262552,0.006802411093052
dae_clahe_L1,mixed_low_risk,iou_0.5,40,38,0.0005808252126268,0.0003070117351732,0.0009641551977717
dae_clahe_L2,overall,pointing_hit,123,115,0.1951219512195122,0.128,0.2661290322580645
dae_clahe_L2,overall,energy_inside,123,115,0.1188293336322758,0.0995322171671021,0.1393095299952522
dae_clahe_L2,overall,iou_0.3,123,115,0.0047352622059145,0.0037488129372167,0.0058854380034678
dae_clahe_L2,overall,iou_0.5,123,115,0.0006384214075093,0.0004447505366954,0.0009003019517012
dae_clahe_L2,pure,pointing_hit,19,18,0.0526315789473684,0.0,0.1666666666666666
dae_clahe_L2,pure,energy_inside,19,18,0.081430233720886,0.0504552043811009,0.1285355110300911
dae_clahe_L2,pure,iou_0.3,19,18,0.0060031371051544,0.0032284253293867,0.0091473225036326
dae_clahe_L2,pure,iou_0.5,19,18,0.0007458778212217,0.0003203611149625,0.0012723828860144
dae_clahe_L2,mixed_high_risk,pointing_hit,64,61,0.28125,0.1790623495426095,0.3934550422255339
dae_clahe_L2,mixed_high_risk,energy_inside,64,61,0.1035935761319706,0.0819903049731816,0.1258776386572662
dae_clahe_L2,mixed_high_risk,iou_0.3,64,61,0.0053687265112765,0.0038624546743454,0.0072044514152447
dae_clahe_L2,mixed_high_risk,iou_0.5,64,61,0.0008203832155304,0.0004871110311937,0.0012666592751168
dae_clahe_L2,mixed_low_risk,pointing_hit,40,38,0.125,0.0256410256410256,0.2309210526315781
dae_clahe_L2,mixed_low_risk,energy_inside,40,38,0.1609711180906742,0.1199724345502909,0.2061393626037394
dae_clahe_L2,mixed_low_risk,iou_0.3,40,38,0.0031194787401964,0.0019950490050867,0.0045036214958438
dae_clahe_L2,mixed_low_risk,iou_0.5,40,38,0.0002962407181621,0.0001612190723168,0.0004754227387278
dae_clahe_L3,overall,pointing_hit,123,115,0.2520325203252032,0.1773956356736243,0.3278721311475409
dae_clahe_L3,overall,energy_inside,123,115,0.135457078596895,0.1140969644184542,0.1581698567810172
dae_clahe_L3,overall,iou_0.3,123,115,0.0046920724483802,0.0037577260326969,0.0056049303577847
dae_clahe_L3,overall,iou_0.5,123,115,0.0005799678898469,0.0004368762110874,0.0007284167755297
dae_clahe_L3,pure,pointing_hit,19,18,0.1052631578947368,0.0,0.238095238095238
dae_clahe_L3,pure,energy_inside,19,18,0.0946426256314704,0.0603206007912951,0.1465519728072325
dae_clahe_L3,pure,iou_0.3,19,18,0.0039367542993597,0.0020743657638987,0.0058473200352933
dae_clahe_L3,pure,iou_0.5,19,18,0.0004529933356931,0.0001823529497422,0.0007312324871462
dae_clahe_L3,mixed_high_risk,pointing_hit,64,61,0.265625,0.1638683236382866,0.365079365079365
dae_clahe_L3,mixed_high_risk,energy_inside,64,61,0.1165806456338032,0.092804256843389,0.1415941894271305
dae_clahe_L3,mixed_high_risk,iou_0.3,64,61,0.0054349175566846,0.0040680305541323,0.006963978148203
dae_clahe_L3,mixed_high_risk,iou_0.5,64,61,0.0007044630732943,0.000480845832448,0.0009656397594946
dae_clahe_L3,mixed_low_risk,pointing_hit,40,38,0.3,0.1707317073170731,0.4358974358974359
dae_clahe_L3,mixed_low_risk,energy_inside,40,38,0.1850462364964187,0.14077301627025,0.2353426129366151
dae_clahe_L3,mixed_low_risk,iou_0.3,40,38,0.003862296395878,0.0026556935017221,0.0051854794884714
dae_clahe_L3,mixed_low_risk,iou_0.5,40,38,0.000441088509554,0.0002738101377667,0.0006177797387533
